_meta_source,_meta_hs_prefix,_meta_fetched_at_utc,col_1,col_2,col_3,col_4,col_5,col_6,col_7,col_8
IMPORT,,2026-02-13T21:07:18.228243+00:00,﻿HTS Number,Indent,Description,Unit of Quantity,General Rate of Duty,Special Rate of Duty,Column 2 Rate of Duty,Quota Quantity
IMPORT,7001.00,2026-02-13T21:07:18.228243+00:00,7001.00,0,"Cullet and other waste and scrap of glass, excluding glass from cathode-ray tubes or other activated glass of heading 8549; glass in the mass:",,,,,
IMPORT,,2026-02-13T21:07:18.228243+00:00,,1,Glass in the mass:,,,,,
IMPORT,7001.00.10.00,2026-02-13T21:07:18.228243+00:00,7001.00.10.00,2,Of fused quartz or other fused silica,"[""kg""]",Free,,30%,
IMPORT,7001.00.20.00,2026-02-13T21:07:18.228243+00:00,7001.00.20.00,2,Other,"[""kg""]",3%,"Free (A,AU,BH,CL,CO,D,E,IL,JO,KR,MA,OM,P,PA,PE,S,SG)",50%,
IMPORT,7001.00.51.00,2026-02-13T21:07:18.228243+00:00,7001.00.51.00,1,Other,"[""kg""]",Free,,10%,
IMPORT,7002,2026-02-13T21:07:18.228243+00:00,7002,0,"Glass in balls (other than microspheres of heading 7018), rods or tubes, unworked:",,,,,
IMPORT,7002.10,2026-02-13T21:07:18.228243+00:00,7002.10,1,Balls:,,,,,
IMPORT,7002.10.10.00,2026-02-13T21:07:18.228243+00:00,7002.10.10.00,2,Not over 6 mm in diameter,"[""kg""]",3.9%,"Free (A+,AU,BH,CL,CO,D,E,IL, JO,KR,MA, OM,P,PA,PE,S,SG)",60%,
IMPORT,7002.10.20.00,2026-02-13T21:07:18.228243+00:00,7002.10.20.00,2,Other,"[""kg""]",Free,,55%,
IMPORT,7002.20,2026-02-13T21:07:18.228243+00:00,7002.20,1,Rods:,,,,,
IMPORT,7002.20.10.00,2026-02-13T21:07:18.228243+00:00,7002.20.10.00,2,Of fused quartz or other fused silica,"[""kg""]",Free,,40%,
IMPORT,7002.20.50.00,2026-02-13T21:07:18.228243+00:00,7002.20.50.00,2,Other,"[""kg""]",6%,"Free (A,AU,BH,CL,CO,D,E,IL,JO,KR,MA,OM,P,PA,PE,S,SG)",65%,
IMPORT,,2026-02-13T21:07:18.228243+00:00,,1,Tubes:,,,,,
IMPORT,7002.31.00.00,2026-02-13T21:07:18.228243+00:00,7002.31.00.00,2,Of fused quartz or other fused silica,"[""kg""]",Free,,40%,
IMPORT,7002.32.00.00,2026-02-13T21:07:18.228243+00:00,7002.32.00.00,2,Of other glass having a linear coefficient of expansion not exceeding 5 x 10<sup>-6</sup> per Kelvin within a temperature range of 0˚C to 300˚C,"[""kg""]",6%,"Free (A,AU,BH,CL,CO,D,E,IL,JO,KR,MA,OM,P,PA,PE,S,SG)",65%,
IMPORT,7002.39.00,2026-02-13T21:07:18.228243+00:00,7002.39.00,2,Other,,6%,"Free (A*,AU,BH,CL,CO,D,E,IL,JO,KR,MA,OM,P,PA,PE,S,SG)",65%,
IMPORT,7002.39.00.10,2026-02-13T21:07:18.228243+00:00,7002.39.00.10,3,Of a length not exceeding 200 mm,"[""No.""]",,,,
IMPORT,7002.39.00.90,2026-02-13T21:07:18.228243+00:00,7002.39.00.90,3,Other,"[""kg""]",,,,
IMPORT,7003,2026-02-13T21:07:18.228243+00:00,7003,0,"Cast glass and rolled glass, in sheets or profiles, whether or not having an absorbent, reflecting or non-reflecting layer, but not otherwise worked:",,,,,
IMPORT,,2026-02-13T21:07:18.228243+00:00,,1,Nonwired sheets:,,,,,
IMPORT,7003.12.00.00,2026-02-13T21:07:18.228243+00:00,7003.12.00.00,2,"Colored throughout the mass (body tinted), opacified, flashed or having an absorbent, reflecting or non-reflecting layer","[""m<sup>2<\/sup>""]",1.4%,"Free (A,AU,B,BH,CL,CO,D,E,IL,JO,KR,MA,OM,P,PA,PE,S,SG)",12%,
IMPORT,7003.19.00.00,2026-02-13T21:07:18.228243+00:00,7003.19.00.00,2,Other,"[""m<sup>2<\/sup>""]",1.3%,"Free (A,AU,B,BH,CL,CO,D,E,IL,JO,KR,MA,OM,P,PA,PE,S,SG)",21%,
IMPORT,7003.20.00.00,2026-02-13T21:07:18.228243+00:00,7003.20.00.00,1,Wired sheets,"[""m<sup>2<\/sup>""]",1.1%,"Free (A,AU,B,BH,CL,CO,D,E,IL,JO,KR,MA,OM,P,PA,PE,S,SG)",21%,
IMPORT,7003.30.00.00,2026-02-13T21:07:18.228243+00:00,7003.30.00.00,1,Profiles,"[""m<sup>2<\/sup>""]",6.3%,"Free (A,AU,B,BH,CL,CO,D,E,IL,JO,KR,MA,OM,P,PA,PE,S,SG)",60%,
IMPORT,7004,2026-02-13T21:07:18.228243+00:00,7004,0,"Drawn glass and blown glass, in sheets, whether or not having an absorbent, reflecting or non-reflecting layer, but not otherwise worked:",,,,,
IMPORT,7004.20,2026-02-13T21:07:18.228243+00:00,7004.20,1,"Glass, colored throughout the mass (body tinted), opacified, flashed or having an absorbent, reflecting or non-reflecting layer:",,,,,
IMPORT,7004.20.10.00,2026-02-13T21:07:18.228243+00:00,7004.20.10.00,2,"Having an absorbent, reflecting or non-reflecting layer","[""m<sup>2<\/sup>""]",Free,,60%,
IMPORT,,2026-02-13T21:07:18.228243+00:00,,2,Other:,,,,,
IMPORT,7004.20.20,2026-02-13T21:07:18.228243+00:00,7004.20.20,3,In rectangular shape,,1¢/kg + 1.6%,"Free (A,AU,BH,CL,CO,D,E,IL,JO,KR,MA,OM,P,PA,PE,S,SG)",6.2¢/kg + 5%,
IMPORT,7004.20.20.10,2026-02-13T21:07:18.228243+00:00,7004.20.20.10,4,Measuring less than 5 mm in thickness,"[""m<sup>2<\/sup>"",""kg""]",,,,
IMPORT,7004.20.20.20,2026-02-13T21:07:18.228243+00:00,7004.20.20.20,4,Measuring 5 mm and over in thickness,"[""m<sup>2<\/sup>"",""kg""]",,,,
IMPORT,7004.20.50.00,2026-02-13T21:07:18.228243+00:00,7004.20.50.00,3,Other,"[""m<sup>2<\/sup>""]",7.2%,"Free (A,AU,B,BH,CL,CO,D,E,IL,JO,KR,MA,OM,P,PA,PE,S,SG)",60%,
IMPORT,7004.90,2026-02-13T21:07:18.228243+00:00,7004.90,1,Other glass:,,,,,
IMPORT,,2026-02-13T21:07:18.228243+00:00,,2,In rectangular shape:,,,,,
IMPORT,,2026-02-13T21:07:18.228243+00:00,,3,Measuring not over 1.5 mm in thickness:,,,,,
IMPORT,7004.90.05.00,2026-02-13T21:07:18.228243+00:00,7004.90.05.00,4,Measuring not over 0.26 m<sup>2</sup> in area,"[""m<sup>2<\/sup>"",""kg""]",Free,,3.3¢/kg,
IMPORT,7004.90.10.00,2026-02-13T21:07:18.228243+00:00,7004.90.10.00,4,Measuring over 0.26 m<sup>2</sup> in area,"[""m<sup>2<\/sup>"",""kg""]",Free,,4.2¢/kg,
IMPORT,,2026-02-13T21:07:18.228243+00:00,,3,Measuring over 1.5 but not over 2 mm in thickness:,,,,,
IMPORT,7004.90.15.00,2026-02-13T21:07:18.228243+00:00,7004.90.15.00,4,Measuring not over 0.26 m<sup>2</sup> in area,"[""m<sup>2<\/sup>"",""kg""]",Free,,4.6¢/kg,
IMPORT,7004.90.20.00,2026-02-13T21:07:18.228243+00:00,7004.90.20.00,4,Measuring over 0.26 m<sup>2</sup> in area,"[""m<sup>2<\/sup>"",""kg""]",Free,,5.5¢/kg,
IMPORT,7004.90.25,2026-02-13T21:07:18.228243+00:00,7004.90.25,3,Measuring over 2 but not over 3.5 mm in thickness,,0.7¢/kg,"Free (A,AU,BH,CL,CO,D,E,IL,JO,KR,MA,OM,P,PA,PE,S,SG)",5.3¢/kg,
IMPORT,7004.90.25.10,2026-02-13T21:07:18.228243+00:00,7004.90.25.10,4,Measuring not over 0.26 m<sup>2</sup> in area,"[""m<sup>2<\/sup>"",""kg""]",,,,
IMPORT,7004.90.25.20,2026-02-13T21:07:18.228243+00:00,7004.90.25.20,4,Measuring over 0.26 but not over 0.58 m<sup>2</sup> in area,"[""m<sup>2<\/sup>"",""kg""]",,,,
IMPORT,7004.90.25.50,2026-02-13T21:07:18.228243+00:00,7004.90.25.50,4,Measuring over 0.58 m<sup>2</sup> in area,"[""m<sup>2<\/sup>"",""kg""]",,,,
IMPORT,,2026-02-13T21:07:18.228243+00:00,,3,Measuring over 3.5 mm in thickness:,,,,,
IMPORT,7004.90.30,2026-02-13T21:07:18.228243+00:00,7004.90.30,4,Measuring not over 0.65 m<sup>2</sup> in area,,Free,,3.3¢/kg,
IMPORT,,2026-02-13T21:07:18.228243+00:00,,5,Measuring not over 0.26 m<sup>2</sup> in area:,,,,,
IMPORT,7004.90.30.10,2026-02-13T21:07:18.228243+00:00,7004.90.30.10,6,Measuring over 3.5 but not over 5 mm in thickness,"[""m<sup>2<\/sup>"",""kg""]",,,,
IMPORT,7004.90.30.20,2026-02-13T21:07:18.228243+00:00,7004.90.30.20,6,Measuring over 5 mm in thickness,"[""m<sup>2<\/sup>"",""kg""]",,,,
IMPORT,7004.90.30.50,2026-02-13T21:07:18.228243+00:00,7004.90.30.50,5,Measuring over 0.26 but not over 0.65 m<sup>2</sup> in area,"[""m<sup>2<\/sup>"",""kg""]",,,,
IMPORT,7004.90.40.00,2026-02-13T21:07:18.228243+00:00,7004.90.40.00,4,Measuring over 0.65 m<sup>2</sup> in area,"[""m<sup>2<\/sup>"",""kg""]",Free,,5.3¢/kg,
IMPORT,7004.90.50.00,2026-02-13T21:07:18.228243+00:00,7004.90.50.00,2,Other,"[""m<sup>2<\/sup>""]",5%,"Free (A,AU,B,BH,CL,CO,D,E,IL,JO,KR,MA,OM,P,PA,PE,S,SG)",60%,
IMPORT,7005,2026-02-13T21:07:18.228243+00:00,7005,0,"Float glass and surface ground or polished glass, in sheets, whether or not having an absorbent, reflecting or non-reflecting layer, but not otherwise worked:",,,,,
IMPORT,7005.10,2026-02-13T21:07:18.228243+00:00,7005.10,1,"Nonwired glass, having an absorbent, reflecting or non-reflecting layer:",,,,,
IMPORT,7005.10.40.00,2026-02-13T21:07:18.228243+00:00,7005.10.40.00,2,"Suitable for use in liquid crystal displays, measuring not over 1.2 mm in thickness and not over 0.8 m<sup>2</sup> in area","[""m<sup>2<\/sup>""]",Free,,60%,
IMPORT,7005.10.80.00,2026-02-13T21:07:18.228243+00:00,7005.10.80.00,2,Other,"[""m<sup>2<\/sup>""]",4.4%,"Free (A,AU,B,BH,CL,CO,D,E,IL,JO,KR,MA,OM,P,PA,PE,S,SG)",60%,
IMPORT,,2026-02-13T21:07:18.228243+00:00,,1,Other nonwired glass:,,,,,
IMPORT,7005.21,2026-02-13T21:07:18.228243+00:00,7005.21,2,"Colored throughout the mass (body tinted), opacified, flashed or merely surface ground:",,,,,
IMPORT,7005.21.10,2026-02-13T21:07:18.228243+00:00,7005.21.10,3,Measuring less than 10 mm in thickness,,14.5¢/m<sup>2 </sup>+ 0.4%,"Free (A+,AU,B,BH,CL,CO,D,E,IL, JO,KR,MA, OM,P,PA,PE,S,SG)",$2.13/m<sup>2</sup> + 5%,
IMPORT,7005.21.10.10,2026-02-13T21:07:18.228243+00:00,7005.21.10.10,4,Measuring less than 5 mm in thickness,"[""m<sup>2<\/sup>""]",,,,
IMPORT,7005.21.10.30,2026-02-13T21:07:18.228243+00:00,7005.21.10.30,4,Measuring 5 mm or more but less than 10 mm in thickness,"[""m<sup>2<\/sup>""]",,,,
IMPORT,7005.21.20.00,2026-02-13T21:07:18.228243+00:00,7005.21.20.00,3,Measuring 10 mm or more in thickness,"[""m<sup>2<\/sup>""]",5.6%,"Free (A+,AU,BH,CL,CO,D,E,IL, JO,KR,MA, OM,P,PA,PE,S,SG)",55%,
IMPORT,7005.29,2026-02-13T21:07:18.228243+00:00,7005.29,2,Other:,,,,,
IMPORT,,2026-02-13T21:07:18.228243+00:00,,3,Measuring less than 10 mm in thickness:,,,,,
IMPORT,,2026-02-13T21:07:18.228243+00:00,,4,Measuring not over 0.65 m in area:,,,,,
IMPORT,7005.29.04,2026-02-13T21:07:18.228243+00:00,7005.29.04,5,Suitable for use in liquid crystal displays,,Free,,$1.35/m<sup>2</sup>,
IMPORT,7005.29.04.10,2026-02-13T21:07:18.228243+00:00,7005.29.04.10,6,Measuring not over 0.26 m<sup>2</sup> in area,"[""m<sup>2<\/sup>""]",,,,
IMPORT,7005.29.04.50,2026-02-13T21:07:18.228243+00:00,7005.29.04.50,6,Measuring over 0.26 m<sup>2</sup> but not over 0.65 m<sup>2</sup> in area,"[""m<sup>2<\/sup>""]",,,,
IMPORT,7005.29.08,2026-02-13T21:07:18.228243+00:00,7005.29.08,5,Other,,18.7¢/m<sup>2</sup>,"Free (A+,AU,B,BH,CL,CO,D,E, IL,JO,KR,MA,OM,P,PA, PE,S,SG)",$1.35/m<sup>2</sup>,
IMPORT,7005.29.08.10,2026-02-13T21:07:18.228243+00:00,7005.29.08.10,6,Measuring not over 0.26 m<sup>2</sup> in area,"[""m<sup>2<\/sup>""]",,,,
IMPORT,7005.29.08.50,2026-02-13T21:07:18.228243+00:00,7005.29.08.50,6,Measuring over 0.26 m<sup>2</sup> but not over 0.65 m<sup>2</sup> in area,"[""m<sup>2<\/sup>""]",,,,
IMPORT,,2026-02-13T21:07:18.228243+00:00,,4,Measuring over 0.65 m<sup>2</sup> in area:,,,,,
IMPORT,7005.29.14,2026-02-13T21:07:18.228243+00:00,7005.29.14,5,"Suitable for use in liquid crystal displays, measuring not over 0.8 m<sup>2</sup> in area",,Free,,$2.13/m<sup>2</sup>,
IMPORT,7005.29.14.10,2026-02-13T21:07:18.228243+00:00,7005.29.14.10,6,Measuring less than 5 mm in thickness,"[""m<sup>2<\/sup>""]",,,,
IMPORT,7005.29.14.50,2026-02-13T21:07:18.228243+00:00,7005.29.14.50,6,Measuring 5 mm or more but less than 10 mm in thickness,"[""m<sup>2<\/sup>""]",,,,
IMPORT,7005.29.18,2026-02-13T21:07:18.228243+00:00,7005.29.18,5,Other,,14.5¢/m<sup>2</sup>,"Free (A+,AU,B,BH,CL,CO,D,E,IL, JO,KR,MA, OM,P,PA,PE,S,SG)",$2.13/m<sup>2</sup>,
IMPORT,7005.29.18.10,2026-02-13T21:07:18.228243+00:00,7005.29.18.10,6,Measuring less than 5 mm in thickness,"[""m<sup>2<\/sup>""]",,,,
IMPORT,7005.29.18.50,2026-02-13T21:07:18.228243+00:00,7005.29.18.50,6,Measuring 5 mm or more but less than 10 mm in thickness,"[""m<sup>2<\/sup>""]",,,,
IMPORT,7005.29.25.00,2026-02-13T21:07:18.228243+00:00,7005.29.25.00,3,Measuring 10 mm or more in thickness,"[""m<sup>2<\/sup>""]",4.9%,"Free (A,AU,BH,CL,CO,D,E,IL,JO,KR,MA,OM,P,PA,PE,S,SG)",50%,
IMPORT,7005.30.00.00,2026-02-13T21:07:18.228243+00:00,7005.30.00.00,1,Wired glass,"[""m<sup>2<\/sup>""]",29.1¢/m<sup>2</sup>,"Free (A,AU,B,BH,CL,CO,D,E,IL,JO,KR,MA,OM,P,PA,PE,S,SG)",$2.48/m<sup>2</sup>,
IMPORT,7006.00,2026-02-13T21:07:18.228243+00:00,7006.00,0,"Glass of heading 7003, 7004 or 7005, bent, edge-worked, engraved, drilled, enameled or otherwise worked, but not framed or fitted with other materials:",,,,,
IMPORT,7006.00.10.00,2026-02-13T21:07:18.228243+00:00,7006.00.10.00,1,"Strips not over 15.2 cm in width, measuring over 2 mm in thickness, and having all longitudinal edges ground or otherwise smoothed or processed","[""m<sup>2<\/sup>""]",8.8%,"Free (A*,AU,BH,CL,CO,D,E,IL,JO,KR,MA,OM,P,PA,PE,S,SG)",53%,
IMPORT,,2026-02-13T21:07:18.228243+00:00,,1,Other:,,,,,
IMPORT,7006.00.20.00,2026-02-13T21:07:18.228243+00:00,7006.00.20.00,2,"Glass, drawn or blown and not containing wire netting and not surface ground or polished","[""m<sup>2<\/sup>""]",6.4%,"Free (A*,AU,B,BH,CL,CO,D,E,IL,JO,KR,MA,OM,P,PA,PE,S,SG)",60%,
IMPORT,7006.00.40,2026-02-13T21:07:18.228243+00:00,7006.00.40,2,Other,,4.9%,"Free (A*,AU,B,BH,CL,CO,D,E,IL,JO,KR,MA,OM,P,PA,PE,S,SG)",60%,
IMPORT,7006.00.40.10,2026-02-13T21:07:18.228243+00:00,7006.00.40.10,3,Having an absorbent or reflecting layer,"[""m<sup>2<\/sup>""]",,,,
IMPORT,7006.00.40.50,2026-02-13T21:07:18.228243+00:00,7006.00.40.50,3,Other,"[""m<sup>2<\/sup>""]",,,,
IMPORT,7007,2026-02-13T21:07:18.228243+00:00,7007,0,"Safety glass, consisting of toughened (tempered) or laminated glass:",,,,,
IMPORT,,2026-02-13T21:07:18.228243+00:00,,1,Toughened (tempered) safety glass:,,,,,
IMPORT,7007.11.00,2026-02-13T21:07:18.228243+00:00,7007.11.00,2,"Of size and shape suitable for incorporation in vehicles, aircraft, spacecraft or vessels",,5.5%,"Free (A*,AU,B,BH,CL,CO,D,E,IL,JO,KR,MA,OM,P,PA,PE,S,SG)",50%,
IMPORT,7007.11.00.10,2026-02-13T21:07:18.228243+00:00,7007.11.00.10,3,For motor vehicles of chapter 87,"[""m<sup>2<\/sup>""]",,,,
IMPORT,7007.11.00.90,2026-02-13T21:07:18.228243+00:00,7007.11.00.90,3,Other,"[""m<sup>2<\/sup>""]",,,,
IMPORT,7007.19.00.00,2026-02-13T21:07:18.228243+00:00,7007.19.00.00,2,Other,"[""m<sup>2<\/sup>""]",5%,"Free (A,AU,BH,CL,CO,D,E,IL,JO,KR,MA,OM,P,PA,PE,S,SG)",50%,
IMPORT,,2026-02-13T21:07:18.228243+00:00,,1,Laminated safety glass:,,,,,
IMPORT,7007.21,2026-02-13T21:07:18.228243+00:00,7007.21,2,"Of size and shape suitable for incorporation in vehicles, aircraft, spacecraft or vessels:",,,,,
IMPORT,7007.21.11,2026-02-13T21:07:18.228243+00:00,7007.21.11,3,Windshields,,4.9%,"Free (A,AU,B,BH,C,CL,CO,D,E,IL,JO,KR,MA,OM,P,PA,PE,S,SG)",60%,
IMPORT,7007.21.11.10,2026-02-13T21:07:18.228243+00:00,7007.21.11.10,4,For motor vehicles of chapter 87,"[""m<sup>2<\/sup>""]",,,,
IMPORT,7007.21.11.90,2026-02-13T21:07:18.228243+00:00,7007.21.11.90,4,Other,"[""m<sup>2<\/sup>""]",,,,
IMPORT,7007.21.51.00,2026-02-13T21:07:18.228243+00:00,7007.21.51.00,3,Other,"[""m<sup>2<\/sup>""]",4.9%,"Free (A,AU,B,BH,CL,CO,D,E,IL,JO,KR,MA,OM,P,PA,PE,S,SG)",60%,
IMPORT,7007.29.00.00,2026-02-13T21:07:18.228243+00:00,7007.29.00.00,2,Other,"[""m<sup>2<\/sup>""]",4.9%,"Free (A,AU,BH,CL,CO,D,E,IL,JO,KR,MA,OM,P,PA,PE,S,SG)",60%,
IMPORT,7008.00.00.00,2026-02-13T21:07:18.228243+00:00,7008.00.00.00,0,Multiple-walled insulating units of glass,"[""No.""]",3.9%,"Free (A,AU,BH,CL,CO,D,E,IL,JO,KR,MA,OM,P,PA,PE,S,SG)",50%,
IMPORT,7009,2026-02-13T21:07:18.228243+00:00,7009,0,"Glass mirrors, whether or not framed, including rear-view mirrors:",,,,,
IMPORT,7009.10.00.00,2026-02-13T21:07:18.228243+00:00,7009.10.00.00,1,Rear-view mirrors for vehicles,"[""No.""]",3.9%,"Free (A,AU,B,BH,CL,CO,D,E,IL,JO,KR,MA,OM,P,PA,PE,S,SG)",50%,
IMPORT,,2026-02-13T21:07:18.228243+00:00,,1,Other:,,,,,
IMPORT,7009.91,2026-02-13T21:07:18.228243+00:00,7009.91,2,Unframed:,,,,,
IMPORT,7009.91.10,2026-02-13T21:07:18.228243+00:00,7009.91.10,3,Not over 929 cm<sup>2</sup> in reflecting area,,7.8%,"Free (A,AU,B,BH,CL,CO,D,E,IL,JO,KR,MA,OM,P,PA,PE,S,SG)",50%,
IMPORT,7009.91.10.10,2026-02-13T21:07:18.228243+00:00,7009.91.10.10,4,Containing LED or fluorescent lighting,"[""cm<sup>2<\/sup>"",""No.""]",,,,
IMPORT,7009.91.10.90,2026-02-13T21:07:18.228243+00:00,7009.91.10.90,4,Other,"[""cm<sup>2<\/sup>"",""No.""]",,,,
IMPORT,7009.91.50,2026-02-13T21:07:18.228243+00:00,7009.91.50,3,Over 929 cm<sup>2</sup> in reflecting area,,6.5%,"Free (A,AU,B,BH,CL,CO,D,E,IL,JO,KR,MA,OM,P,PA,PE,S,SG) 3.25% (JP)",45%,
IMPORT,7009.91.50.10,2026-02-13T21:07:18.228243+00:00,7009.91.50.10,4,Containing LED or fluorescent lighting,"[""cm<sup>2<\/sup>"",""No.""]",,,,
IMPORT,,2026-02-13T21:07:18.228243+00:00,,4,Other:,,,,,
IMPORT,7009.91.50.91,2026-02-13T21:07:18.228243+00:00,7009.91.50.91,5,Over-the-door mirrors of a kind described in statistical note 2 to this chapter,"[""cm<sup>2<\/sup>"",""No.""]",,,,
IMPORT,7009.91.50.95,2026-02-13T21:07:18.228243+00:00,7009.91.50.95,5,Other,"[""cm<sup>2<\/sup>"",""No.""]",,,,
IMPORT,7009.92,2026-02-13T21:07:18.228243+00:00,7009.92,2,Framed:,,,,,
IMPORT,7009.92.10,2026-02-13T21:07:18.228243+00:00,7009.92.10,3,Not over 929 cm<sup>2</sup> in reflecting area,,7.8%,"Free (A,AU,B,BH,CL,CO,D,E,IL,JO,KR,MA,OM,P,PA,PE,S,SG)",50%,
IMPORT,7009.92.10.10,2026-02-13T21:07:18.228243+00:00,7009.92.10.10,4,Containing LED or fluorescent lighting,"[""cm<sup>2<\/sup>"",""No.""]",,,,
IMPORT,7009.92.10.90,2026-02-13T21:07:18.228243+00:00,7009.92.10.90,4,Other,"[""cm<sup>2<\/sup>"",""No.""]",,,,
IMPORT,7009.92.50,2026-02-13T21:07:18.228243+00:00,7009.92.50,3,Over 929 cm<sup>2</sup> in reflecting area,,6.5%,"Free (A,AU,B,BH,CL,CO,D,E,IL,JO,KR,MA,OM,P,PA,PE,S,SG) 3.25% (JP)",45%,
IMPORT,7009.92.50.10,2026-02-13T21:07:18.228243+00:00,7009.92.50.10,4,Containing LED or fluorescent lighting,"[""cm<sup>2<\/sup>"",""No.""]",,,,
IMPORT,,2026-02-13T21:07:18.228243+00:00,,4,Other:,,,,,
IMPORT,7009.92.50.91,2026-02-13T21:07:18.228243+00:00,7009.92.50.91,5,Over-the-door mirrors of a kind described in statistical note 2 to this chapter,"[""cm<sup>2<\/sup>"",""No.""]",,,,
IMPORT,7009.92.50.95,2026-02-13T21:07:18.228243+00:00,7009.92.50.95,5,Other,"[""cm<sup>2<\/sup>"",""No.""]",,,,
IMPORT,7010,2026-02-13T21:07:18.228243+00:00,7010,0,"Carboys, bottles, flasks, jars, pots, vials, ampoules and other containers, of glass, of a kind used for the conveyance or packing of goods; preserving jars of glass; stoppers, lids and other closures, of glass:",,,,,
IMPORT,7010.10.00.00,2026-02-13T21:07:18.228243+00:00,7010.10.00.00,1,Ampoules,"[""gross""]",Free,,50¢/gross,
IMPORT,7010.20,2026-02-13T21:07:18.228243+00:00,7010.20,1,"Stoppers, lids and other closures:",,,,,
IMPORT,7010.20.20.00,2026-02-13T21:07:18.228243+00:00,7010.20.20.00,2,Produced by automatic machine,"[""gross""]",2.5%,"Free (A,AU,BH,CL,CO,D,E,IL,JO,KR,MA,OM,P,PA,PE,S,SG)",25%,
IMPORT,7010.20.30.00,2026-02-13T21:07:18.228243+00:00,7010.20.30.00,2,Other,"[""gross""]",5.2%,"Free (A,AU,BH,CL,CO,D,E,IL,JO,KR,MA,OM,P,PA,PE,S,SG)",75%,
IMPORT,7010.90,2026-02-13T21:07:18.228243+00:00,7010.90,1,Other:,,,,,
IMPORT,7010.90.05,2026-02-13T21:07:18.228243+00:00,7010.90.05,2,"Serum bottles, vials and other pharmaceutical containers",,Free,,50¢/gross,
IMPORT,7010.90.05.10,2026-02-13T21:07:18.228243+00:00,7010.90.05.10,3,Of a capacity exceeding 1 liter,"[""gross""]",,,,
IMPORT,7010.90.05.20,2026-02-13T21:07:18.228243+00:00,7010.90.05.20,3,Of a capacity exceeding 0.33 liter but not exceeding 1 liter,"[""gross""]",,,,
IMPORT,7010.90.05.30,2026-02-13T21:07:18.228243+00:00,7010.90.05.30,3,Of a capacity exceeding 0.15 liter but not exceeding 0.33 liter,"[""gross""]",,,,
IMPORT,7010.90.05.40,2026-02-13T21:07:18.228243+00:00,7010.90.05.40,3,Of a capacity not exceeding 0.15 liter,"[""gross""]",,,,
IMPORT,,2026-02-13T21:07:18.228243+00:00,,2,Containers (with or without their closures) of a kind used for the conveyance or packing of perfume or other toilet preparations; other containers if fitted with or designed for use with ground glass stoppers:,,,,,
IMPORT,7010.90.20,2026-02-13T21:07:18.228243+00:00,7010.90.20,3,Produced by automatic machine,,2.5%,"Free (A,AU,BH,CL,CO,D,E,IL,JO,KR,MA,OM,P,PA,PE,S,SG)",25%,
IMPORT,7010.90.20.10,2026-02-13T21:07:18.228243+00:00,7010.90.20.10,4,Of a capacity exceeding 1 liter,"[""gross""]",,,,
IMPORT,7010.90.20.20,2026-02-13T21:07:18.228243+00:00,7010.90.20.20,4,Of a capacity exceeding 0.33 liter but not exceeding 1 liter,"[""gross""]",,,,
IMPORT,7010.90.20.30,2026-02-13T21:07:18.228243+00:00,7010.90.20.30,4,Of a capacity exceeding 0.15 liter but not exceeding 0.33 liter,"[""gross""]",,,,
IMPORT,7010.90.20.40,2026-02-13T21:07:18.228243+00:00,7010.90.20.40,4,Of a capacity not exceeding 0.15 liter,"[""gross""]",,,,
IMPORT,7010.90.30,2026-02-13T21:07:18.228243+00:00,7010.90.30,3,Other,,5.2%,"Free (A,AU,BH,CL,CO,D,E,IL,JO,KR,MA,OM,P,PA,PE,S,SG)",75%,
IMPORT,7010.90.30.10,2026-02-13T21:07:18.228243+00:00,7010.90.30.10,4,Of a capacity exceeding 1 liter,"[""gross""]",,,,
IMPORT,7010.90.30.20,2026-02-13T21:07:18.228243+00:00,7010.90.30.20,4,Of a capacity exceeding 0.33 liter but not exceeding 1 liter,"[""gross""]",,,,
IMPORT,7010.90.30.30,2026-02-13T21:07:18.228243+00:00,7010.90.30.30,4,Of a capacity exceeding 0.15 liter but not exceeding 0.33 liter,"[""gross""]",,,,
IMPORT,7010.90.30.40,2026-02-13T21:07:18.228243+00:00,7010.90.30.40,4,Of a capacity not exceeding 0.15 liter,"[""gross""]",,,,
IMPORT,7010.90.50,2026-02-13T21:07:18.228243+00:00,7010.90.50,2,Other containers (with or without their closures),,Free,,4.9%,
IMPORT,,2026-02-13T21:07:18.228243+00:00,,3,Of a capacity exceeding 1 liter:,,,,,
IMPORT,7010.90.50.05,2026-02-13T21:07:18.228243+00:00,7010.90.50.05,4,Having a mouth with an outer diameter of <il>38 mm</il> or more,"[""gross""]",,,,
IMPORT,7010.90.50.09,2026-02-13T21:07:18.228243+00:00,7010.90.50.09,4,Other,"[""gross""]",,,,
IMPORT,,2026-02-13T21:07:18.228243+00:00,,3,Of a capacity exceeding 0.473 liter but not exceeding 1 liter:,,,,,
IMPORT,7010.90.50.15,2026-02-13T21:07:18.228243+00:00,7010.90.50.15,4,Having a mouth with an outer diameter of <il>38 mm</il> or more,"[""gross""]",,,,
IMPORT,7010.90.50.19,2026-02-13T21:07:18.228243+00:00,7010.90.50.19,4,Other,"[""gross""]",,,,
IMPORT,,2026-02-13T21:07:18.228243+00:00,,3,Of a capacity exceeding 0.33 liter but not exceeding 0.473 liter:,,,,,
IMPORT,7010.90.50.25,2026-02-13T21:07:18.228243+00:00,7010.90.50.25,4,Having a mouth with an outer diameter of <il>38 mm</il> or more,"[""gross""]",,,,
IMPORT,7010.90.50.29,2026-02-13T21:07:18.228243+00:00,7010.90.50.29,4,Other,"[""gross""]",,,,
IMPORT,,2026-02-13T21:07:18.228243+00:00,,3,Of a capacity exceeding 0.15 liter but not exceeding 0.33 liter:,,,,,
IMPORT,7010.90.50.35,2026-02-13T21:07:18.228243+00:00,7010.90.50.35,4,Having a mouth with an outer diameter of <il>38 mm</il> or more,"[""gross""]",,,,
IMPORT,7010.90.50.39,2026-02-13T21:07:18.228243+00:00,7010.90.50.39,4,Other,"[""gross""]",,,,
IMPORT,,2026-02-13T21:07:18.228243+00:00,,3,Of a capacity exceeding 0.118 liter but not exceeding 0.15 liter:,,,,,
IMPORT,7010.90.50.45,2026-02-13T21:07:18.228243+00:00,7010.90.50.45,4,Having a mouth with an outer diameter of <il>38 mm</il> or more,"[""gross""]",,,,
IMPORT,7010.90.50.49,2026-02-13T21:07:18.228243+00:00,7010.90.50.49,4,Other,"[""gross""]",,,,
IMPORT,7010.90.50.55,2026-02-13T21:07:18.228243+00:00,7010.90.50.55,3,Of a capacity not exceeding 0.118 liter,"[""gross""]",,,,
IMPORT,7011,2026-02-13T21:07:18.228243+00:00,7011,0,"Glass envelopes (including bulbs and tubes), open, and glass parts thereof, without fittings, for electric lamps and light sources, cathode-ray tubes or the like:",,,,,
IMPORT,7011.10,2026-02-13T21:07:18.228243+00:00,7011.10,1,For electric lighting:,,,,,
IMPORT,7011.10.10.00,2026-02-13T21:07:18.228243+00:00,7011.10.10.00,2,Bulbs for incandescent lamps,"[""hundreds""]",Free,,20%,
IMPORT,7011.10.50.00,2026-02-13T21:07:18.228243+00:00,7011.10.50.00,2,Other,"[""hundreds""]",4.6%,"Free (A,AU,BH,CL,CO,D,E,IL,JO,KR,MA,OM,P,PA,PE,S,SG)",55%,
IMPORT,7011.20,2026-02-13T21:07:18.228243+00:00,7011.20,1,For cathode-ray tubes:,,,,,
IMPORT,7011.20.10.00,2026-02-13T21:07:18.228243+00:00,7011.20.10.00,2,Cones,"[""hundreds""]",5.2%,"Free (A,AU,BH,CL,CO,D,E,IL,JO,KR,MA,OM,P,PA,PE,S,SG)",55%,
IMPORT,,2026-02-13T21:07:18.228243+00:00,,2,Other:,,,,,
IMPORT,7011.20.45.00,2026-02-13T21:07:18.228243+00:00,7011.20.45.00,3,"Monochrome glass envelopes, the foregoing certified by the importer as being for actual use in automatic data processing machine data or graphic display cathode ray tubes","[""hundreds""]",Free,,55%,
IMPORT,7011.20.85,2026-02-13T21:07:18.228243+00:00,7011.20.85,3,Other,,5.2%,"Free (A,AU,BH,CL,CO,D,E,IL,JO,KR,MA,OM,P,PA,PE,S,SG)",55%,
IMPORT,,2026-02-13T21:07:18.228243+00:00,,4,"Front panels for cathode-ray television picture tubes, including video monitor tubes, color, non-projection:",,,,,
IMPORT,7011.20.85.10,2026-02-13T21:07:18.228243+00:00,7011.20.85.10,5,With greatest diagonal measurement not exceeding <il>50 cm</il>,"[""hundreds""]",,,,
IMPORT,7011.20.85.25,2026-02-13T21:07:18.228243+00:00,7011.20.85.25,5,Other,"[""hundreds""]",,,,
IMPORT,7011.20.85.40,2026-02-13T21:07:18.228243+00:00,7011.20.85.40,4,Other,"[""hundreds""]",,,,
IMPORT,7011.90.00.00,2026-02-13T21:07:18.228243+00:00,7011.90.00.00,1,Other,"[""hundreds""]",6.6%,"Free (A,AU,BH,CL,CO,D,E,IL,JO,KR,MA,OM,P,PA,PE,S,SG)",55%,
IMPORT,7013,2026-02-13T21:07:18.228243+00:00,7013,0,"Glassware of a kind used for table, kitchen, toilet, office, indoor decoration or similar purposes (other than that of heading 7010 or 7018):",,,,,
IMPORT,7013.10,2026-02-13T21:07:18.228243+00:00,7013.10,1,Of glass-ceramics:,,,,,
IMPORT,7013.10.10.00,2026-02-13T21:07:18.228243+00:00,7013.10.10.00,2,"Kitchenware, non-glazed, greater than 75 percent by volume crystalline, of lithium aluminosilicate, having a linear coefficient of expansion not exceeding 10 x 10<sup>-7</sup> per Kelvin within a temperature range of 0˚C to 300˚C, transparent, haze-free, exhibiting transmittances of infrared radiations in excess of 75 percent at a wavelength of 2.5 microns when measured on a sample 3 mm in thickness, and containing β-quartz solid solution as the predominant crystal phase","[""No.""]",6.9%,"Free (A,AU,BH,CL,CO,D,E,IL,JO,KR,MA,OM,P,PA,PE,S,SG)",75%,
IMPORT,7013.10.50.00,2026-02-13T21:07:18.228243+00:00,7013.10.50.00,2,Other,"[""No.""]",26%,"Free (A+,AU,BH,CL,CO,D,E,IL,JO,KR,MA,OM,P,PA,PE,S,SG)",75%,
IMPORT,,2026-02-13T21:07:18.228243+00:00,,1,"Stemware drinking glasses, other than of glass-ceramics:",,,,,
IMPORT,7013.22,2026-02-13T21:07:18.228243+00:00,7013.22,2,Of lead crystal:,,,,,
IMPORT,7013.22.10.00,2026-02-13T21:07:18.228243+00:00,7013.22.10.00,3,Valued not over $1 each,"[""No.""]",15%,"Free (A+,AU,BH,CL,CO,D,E,IL,JO,KR,MA,OM,P,PA,PE,S,SG)",60%,
IMPORT,7013.22.20.00,2026-02-13T21:07:18.228243+00:00,7013.22.20.00,3,Valued over $1 but not over $3 each,"[""No.""]",14%,"Free (A+,AU,BH,CL,CO,D,E,IL,JO,KR,MA,OM,P,PA,PE,S,SG)",60%,
IMPORT,7013.22.30.00,2026-02-13T21:07:18.228243+00:00,7013.22.30.00,3,Valued over $3 but not over $5 each,"[""No.""]",7.3%,"Free (A+,AU,BH,CL,CO,D,E,IL, JO,KR,MA, OM,P,PA,PE,S,SG)",60%,
IMPORT,7013.22.50.00,2026-02-13T21:07:18.228243+00:00,7013.22.50.00,3,Valued over $5 each,"[""No.""]",3%,"Free (A,AU,BH,CL,CO,D,E,IL,JO,KR,MA,OM,P,PA,PE,S,SG)",60%,
IMPORT,7013.28,2026-02-13T21:07:18.228243+00:00,7013.28,2,Other:,,,,,
IMPORT,7013.28.05.00,2026-02-13T21:07:18.228243+00:00,7013.28.05.00,3,Pressed and toughened (specially tempered),"[""No.""]",12.5%,"Free (A+,AU,BH,CL,CO,D,E,IL,JO,KR,MA,OM,P,PA,PE,S,SG)",50%,
IMPORT,,2026-02-13T21:07:18.228243+00:00,,3,Other:,,,,,
IMPORT,7013.28.10.00,2026-02-13T21:07:18.228243+00:00,7013.28.10.00,4,Valued not over $0.30 each,"[""No.""]",28.5%,"Free (A+,AU,BH,CL,CO,D,E,IL, JO,KR,MA,OM,P,PA, PE,S,SG)",60%,
IMPORT,7013.28.20,2026-02-13T21:07:18.228243+00:00,7013.28.20,4,Valued over $0.30 but not over $3 each,,22.5%,"Free (A+,AU,BH,CL,CO,D,E, IL,JO,KR,MA,OM,P,PA, PE,S,SG)",60%,
IMPORT,7013.28.20.10,2026-02-13T21:07:18.228243+00:00,7013.28.20.10,5,Crystalline or non-lead crystal,"[""No.""]",,,,
IMPORT,7013.28.20.90,2026-02-13T21:07:18.228243+00:00,7013.28.20.90,5,Other,"[""No.""]",,,,
IMPORT,,2026-02-13T21:07:18.228243+00:00,,4,Valued over $3 each:,,,,,
IMPORT,,2026-02-13T21:07:18.228243+00:00,,5,Cut or engraved,,,,,
IMPORT,7013.28.30.00,2026-02-13T21:07:18.228243+00:00,7013.28.30.00,6,Valued over $3 but not over $5 each,"[""No.""]",11.3%,"Free (A+,AU,BH,CL,CO,D,E,IL,JO,KR,MA,OM,P,PA,PE,S,SG)",60%,
IMPORT,7013.28.40.00,2026-02-13T21:07:18.228243+00:00,7013.28.40.00,6,Valued over $5 each,"[""No.""]",5%,"Free (A+,AU,BH,CL,CO,D,E,IL, JO,KR,MA, OM,P,PA,PE,S,SG)",60%,
IMPORT,,2026-02-13T21:07:18.228243+00:00,,5,Other:,,,,,
IMPORT,7013.28.50,2026-02-13T21:07:18.228243+00:00,7013.28.50,6,Valued over $3 but not over $5 each,,7.5%,"Free (A+,AU,BH,CL,CO,D,E,IL,JO,KR,MA,OM,P,PA,PE,S,SG)",60%,
IMPORT,7013.28.50.10,2026-02-13T21:07:18.228243+00:00,7013.28.50.10,7,Crystalline or non-lead crystal,"[""No.""]",,,,
IMPORT,7013.28.50.90,2026-02-13T21:07:18.228243+00:00,7013.28.50.90,7,Other,"[""No.""]",,,,
IMPORT,7013.28.60,2026-02-13T21:07:18.228243+00:00,7013.28.60,6,Valued over $5 each,,5%,"Free (A+,AU,BH,CL,CO,D,E,IL,JO,KR,MA,OM,P,PA,PE,S,SG)",60%,
IMPORT,7013.28.60.10,2026-02-13T21:07:18.228243+00:00,7013.28.60.10,7,Crystalline or non-lead crystal,"[""No.""]",,,,
IMPORT,7013.28.60.90,2026-02-13T21:07:18.228243+00:00,7013.28.60.90,7,Other,"[""No.""]",,,,
IMPORT,,2026-02-13T21:07:18.228243+00:00,,1,"Other drinking glasses, other than of glass-ceramics:",,,,,
IMPORT,7013.33,2026-02-13T21:07:18.228243+00:00,7013.33,2,Of lead crystal:,,,,,
IMPORT,7013.33.10.00,2026-02-13T21:07:18.228243+00:00,7013.33.10.00,3,Valued not over $1 each,"[""No.""]",15%,"Free (A+,AU,BH,CL,CO,D,E,IL,JO,KR,MA,OM,P,PA,PE,S,SG)",60%,
IMPORT,7013.33.20.00,2026-02-13T21:07:18.228243+00:00,7013.33.20.00,3,Valued over $1 but not over $3 each,"[""No.""]",14%,"Free (A+,AU,BH,CL,CO,D,E,IL,JO,KR,MA,OM,P,PA,PE,S,SG)",60%,
IMPORT,7013.33.30.00,2026-02-13T21:07:18.228243+00:00,7013.33.30.00,3,Valued over $3 but not over $5 each,"[""No.""]",7.3%,"Free (A+,AU,BH,CL,CO,D,E,IL, JO,KR,MA, OM,P,PE,S,SG)",60%,
IMPORT,7013.33.50.00,2026-02-13T21:07:18.228243+00:00,7013.33.50.00,3,Valued over $5 each,"[""No.""]",3%,"Free (A,AU,BH,CL,CO,D,E,IL,JO,KR,MA,OM,P,PA,PE,S,SG)",60%,
IMPORT,7013.37,2026-02-13T21:07:18.228243+00:00,7013.37,2,Other:,,,,,
IMPORT,7013.37.05.00,2026-02-13T21:07:18.228243+00:00,7013.37.05.00,3,Pressed and toughened (specially tempered),"[""No.""]",12.5%,"Free (A+,AU,BH,CL,CO,D,E,IL,JO,KR,MA,OM,P,PA,PE,S,SG)",50%,
IMPORT,,2026-02-13T21:07:18.228243+00:00,,3,Other:,,,,,
IMPORT,7013.37.10.01,2026-02-13T21:07:18.228243+00:00,7013.37.10.01,4,Valued not over $0.30 each,"[""No.""]",28.5%,"Free (A+,AU,BH,CL,CO,D,E,IL, JO,KR,MA, OM,P,PA,PE,S,SG)",60%,
IMPORT,7013.37.20,2026-02-13T21:07:18.228243+00:00,7013.37.20,4,Valued over $0.30 but not over $3 each,,22.5%,"Free (A+,AU,BH,CL,CO,D,E, IL,JO,KR,MA,OM,P,PA, PE,S,SG)",60%,
IMPORT,7013.37.20.10,2026-02-13T21:07:18.228243+00:00,7013.37.20.10,5,Crystalline or non-lead crystal,"[""No.""]",,,,
IMPORT,7013.37.20.90,2026-02-13T21:07:18.228243+00:00,7013.37.20.90,5,Other,"[""No.""]",,,,
IMPORT,,2026-02-13T21:07:18.228243+00:00,,4,Valued over $3 each:,,,,,
IMPORT,,2026-02-13T21:07:18.228243+00:00,,5,Cut or engraved:,,,,,
IMPORT,7013.37.30.00,2026-02-13T21:07:18.228243+00:00,7013.37.30.00,6,Valued over $3 but not over $5 each,"[""No.""]",11.3%,"Free (A+,AU,BH,CL,CO,D,E,IL,JO,KR,MA,OM,P,PA,PE,S,SG)",60%,
IMPORT,7013.37.40.00,2026-02-13T21:07:18.228243+00:00,7013.37.40.00,6,Valued over $5 each,"[""No.""]",5%,"Free (A+,AU,BH,CL,CO,D,E,IL, JO,KR,MA, OM,P,PA,PE,S,SG)",60%,
IMPORT,,2026-02-13T21:07:18.228243+00:00,,5,Other:,,,,,
IMPORT,7013.37.50,2026-02-13T21:07:18.228243+00:00,7013.37.50,6,Valued over $3 but not over $5 each,,7.5%,"Free (A+,AU,BH,CL,CO,D,E,IL,JO,KR,MA,OM,P,PA,PE,S,SG)",60%,
IMPORT,7013.37.50.10,2026-02-13T21:07:18.228243+00:00,7013.37.50.10,7,Crystalline or non-lead crystal,"[""No.""]",,,,
IMPORT,7013.37.50.90,2026-02-13T21:07:18.228243+00:00,7013.37.50.90,7,Other,"[""No.""]",,,,
IMPORT,7013.37.60,2026-02-13T21:07:18.228243+00:00,7013.37.60,6,Valued over $5 each,,5%,"Free (A+,AU,BH,CL,CO,D,E,IL,JO,KR,MA,OM,P,PA,PE,S,SG)",60%,
IMPORT,7013.37.60.10,2026-02-13T21:07:18.228243+00:00,7013.37.60.10,7,Crystalline or non-lead crystal,"[""No.""]",,,,
IMPORT,7013.37.60.90,2026-02-13T21:07:18.228243+00:00,7013.37.60.90,7,Other,"[""No.""]",,,,
IMPORT,,2026-02-13T21:07:18.228243+00:00,,1,"Glassware of a kind used for table (other than drinking glasses) or kitchen purposes, other than of glass-ceramics:",,,,,
IMPORT,7013.41,2026-02-13T21:07:18.228243+00:00,7013.41,2,Of lead crystal:,,,,,
IMPORT,7013.41.10.00,2026-02-13T21:07:18.228243+00:00,7013.41.10.00,3,Valued not over $1 each,"[""No.""]",15%,"Free (A+,AU,BH,CL,CO,D,E,IL,JO,KR,MA,OM,P,PA,PE,S,SG)",60%,
IMPORT,7013.41.20.00,2026-02-13T21:07:18.228243+00:00,7013.41.20.00,3,Valued over $1 but not over $3 each,"[""No.""]",14%,"Free (A+,AU,BH,CL,CO,D,E,IL,JO,KR,MA,OM,P,PA,PE,S,SG)",60%,
IMPORT,7013.41.30.00,2026-02-13T21:07:18.228243+00:00,7013.41.30.00,3,Valued over $3 but not over $5 each,"[""No.""]",10.5%,"Free (A,AU,BH,CL,CO,D,E,IL,JO,KR,MA,OM,P,PA,PE,S,SG)",60%,
IMPORT,7013.41.50.00,2026-02-13T21:07:18.228243+00:00,7013.41.50.00,3,Valued over $5 each,"[""No.""]",3%,"Free (A,AU,BH,CL,CO,D,E,IL,JO,KR,MA,OM,P,PA,PE,S,SG)",60%,
IMPORT,7013.42,2026-02-13T21:07:18.228243+00:00,7013.42,2,Of glass having a linear coefficient of expansion not exceeding 5 x 10<sup>-6</sup> per Kelvin within a temperature range of <il>0˚C to 300˚C:</il>,,,,,
IMPORT,7013.42.10.00,2026-02-13T21:07:18.228243+00:00,7013.42.10.00,3,Pressed and toughened (specially tempered),"[""No.""]",12.5%,"Free (A+,AU,BH,CL,CO,D,E,IL,JO,KR,MA,OM,P,PA,PE,S,SG)",50%,
IMPORT,,2026-02-13T21:07:18.228243+00:00,,3,Other:,,,,,
IMPORT,7013.42.20.00,2026-02-13T21:07:18.228243+00:00,7013.42.20.00,4,Valued not over $3 each,"[""No.""]",22.5%,"Free (A+,AU,BH,CL,CO,D,E,IL,JO,KR,MA,OM,P,PA,PE,S,SG)",60%,
IMPORT,7013.42.30.00,2026-02-13T21:07:18.228243+00:00,7013.42.30.00,4,Valued over $3 but not over $5 each,"[""No.""]",11.3%,"Free (A+,AU,BH,CL,CO,D,E,IL,JO,KR,MA,OM,P,PA,PE,S,SG)",60%,
IMPORT,7013.42.40.00,2026-02-13T21:07:18.228243+00:00,7013.42.40.00,4,Valued over $5 each,"[""No.""]",7.2%,"Free (A+,AU,BH,CL,CO,D,E,IL, JO,KR,MA, OM,P,PA,PE,S,SG)",60%,
IMPORT,7013.49,2026-02-13T21:07:18.228243+00:00,7013.49,2,Other:,,,,,
IMPORT,7013.49.10.00,2026-02-13T21:07:18.228243+00:00,7013.49.10.00,3,Pressed and toughened (specially tempered),"[""No.""]",12.5%,"Free (A+,AU,BH,CL,CO,D,E,IL,JO,KR,MA,OM,P,PA,PE,S,SG)",50%,
IMPORT,,2026-02-13T21:07:18.228243+00:00,,3,Other:,,,,,
IMPORT,7013.49.20,2026-02-13T21:07:18.228243+00:00,7013.49.20,4,Valued not over $3 each,,22.5%,"Free (A+,AU,BH,CL,CO,D,E,IL, JO,KR,MA,OM,P,PA, PE,S,SG)",60%,
IMPORT,7013.49.20.10,2026-02-13T21:07:18.228243+00:00,7013.49.20.10,5,Crystalline or non-lead crystal,"[""No.""]",,,,
IMPORT,7013.49.20.90,2026-02-13T21:07:18.228243+00:00,7013.49.20.90,5,Other,"[""No.""]",,,,
IMPORT,,2026-02-13T21:07:18.228243+00:00,,4,Valued over $3 each:,,,,,
IMPORT,,2026-02-13T21:07:18.228243+00:00,,5,Cut or engraved:,,,,,
IMPORT,7013.49.30.00,2026-02-13T21:07:18.228243+00:00,7013.49.30.00,6,Valued over $3 but not over $5 each,"[""No.""]",11.3%,"Free (A+,AU,BH,CL,CO,D,E,IL,JO,KR,MA,OM,P,PA,PE,S,SG)",60%,
IMPORT,7013.49.40.00,2026-02-13T21:07:18.228243+00:00,7013.49.40.00,6,Valued over $5 each,"[""No.""]",7.2%,"Free (A+,AU,BH,CL,CO,D,E,IL, JO,KR,MA, OM,P,PA,PE,S,SG)",60%,
IMPORT,,2026-02-13T21:07:18.228243+00:00,,5,Other:,,,,,
IMPORT,7013.49.50,2026-02-13T21:07:18.228243+00:00,7013.49.50,6,Valued over $3 but not over $5 each,,15%,"Free (A+,AU,BH,CL,CO,D,E,IL,JO,KR,MA,OM,P,PA,PE,S,SG)",60%,
IMPORT,7013.49.50.10,2026-02-13T21:07:18.228243+00:00,7013.49.50.10,7,Crystalline or non-lead crystal,"[""No.""]",,,,
IMPORT,7013.49.50.90,2026-02-13T21:07:18.228243+00:00,7013.49.50.90,7,Other,"[""No.""]",,,,
IMPORT,7013.49.60,2026-02-13T21:07:18.228243+00:00,7013.49.60,6,Valued over $5 each,,7.2%,"Free (A+,AU,BH,CL,CO,D,E,IL, JO,KR,MA, OM,P,PA,PE,S,SG)",60%,
IMPORT,7013.49.60.10,2026-02-13T21:07:18.228243+00:00,7013.49.60.10,7,Crystalline or non-lead crystal,"[""No.""]",,,,
IMPORT,7013.49.60.90,2026-02-13T21:07:18.228243+00:00,7013.49.60.90,7,Other,"[""No.""]",,,,
IMPORT,,2026-02-13T21:07:18.228243+00:00,,1,Other glassware:,,,,,
IMPORT,7013.91,2026-02-13T21:07:18.228243+00:00,7013.91,2,Of lead crystal:,,,,,
IMPORT,7013.91.10.00,2026-02-13T21:07:18.228243+00:00,7013.91.10.00,3,Valued not over $1 each,"[""No.""]",20%,"Free (A+,AU,BH,CL,CO,D,E,IL,JO,KR,MA,OM,P,PA,PE,S,SG)",60%,
IMPORT,7013.91.20.00,2026-02-13T21:07:18.228243+00:00,7013.91.20.00,3,Valued over $1 but not over $3 each,"[""No.""]",14%,"Free (A+,AU,BH,CL,CO,D,E,IL,JO,KR,MA,OM,P,PA,PE,S,SG)",60%,
IMPORT,7013.91.30.00,2026-02-13T21:07:18.228243+00:00,7013.91.30.00,3,Valued over $3 but not over $5 each,"[""No.""]",10.5%,"Free (A+,AU,BH,CL,CO,D,E,IL,JO,KR,MA,OM,P,PA,PE,S,SG)",60%,
IMPORT,7013.91.50.00,2026-02-13T21:07:18.228243+00:00,7013.91.50.00,3,Valued over $5 each,"[""No.""]",6%,"Free (A,AU,BH,CL,CO,D,E,IL,JO,KR,MA,OM,P,PA,PE,S,SG)",60%,
IMPORT,7013.99,2026-02-13T21:07:18.228243+00:00,7013.99,2,Other:,,,,,
IMPORT,7013.99.10.00,2026-02-13T21:07:18.228243+00:00,7013.99.10.00,3,"Glassware decorated with metal flecking, glass pictorial scenes or glass thread- or ribbon-like effects, any of the foregoing embedded or introduced into the body of the glassware prior to its solidification; millefiori glassware; glassware colored prior to solidification, and characterized by random distribution of numerous bubbles, seeds or stones, throughout the mass of the glass","[""No.""]",15%,"Free (A+,AU,BH,CL,CO,D,E,IL,JO,KR,MA,OM,P,PA,PE,S,SG)",60%,
IMPORT,7013.99.20.00,2026-02-13T21:07:18.228243+00:00,7013.99.20.00,3,Pressed and toughened (specially tempered),"[""No.""]",12.5%,"Free (A+,AU,BH,CL,CO,D,E,IL,JO,KR,MA,OM,P,PA,PE,S,SG)",50%,
IMPORT,,2026-02-13T21:07:18.228243+00:00,,3,Other:,,,,,
IMPORT,7013.99.30.00,2026-02-13T21:07:18.228243+00:00,7013.99.30.00,4,Smokers' articles; perfume bottles fitted with ground glass stoppers,"[""No.""]",9%,"Free (A*,AU,BH,CL,CO,D,E,IL,JO,KR,MA,OM,P,PA,PE,S,SG)",60%,
IMPORT,7013.99.35.00,2026-02-13T21:07:18.228243+00:00,7013.99.35.00,4,Votive-candle holders,"[""No.""]",6.6%,"Free (A*,AU,BH,CL,CO,D,E,IL,JO,KR,MA,OM,P,PA,PE,S,SG)",55%,
IMPORT,,2026-02-13T21:07:18.228243+00:00,,4,Other:,,,,,
IMPORT,7013.99.40.01,2026-02-13T21:07:18.228243+00:00,7013.99.40.01,5,Valued not over $0.30 each,"[""No.""]",38%,"Free (A+,AU,BH,CL,CO,D,E,IL,JO,KR,MA,OM,P,PA,PE,S,SG)",60%,
IMPORT,7013.99.50,2026-02-13T21:07:18.228243+00:00,7013.99.50,5,Valued over $0.30 but not over $3 each,,30%,"Free (A+,AU,BH,CL,CO,D,E,IL,JO,KR,MA,OM,P,PA,PE,S,SG)",60%,
IMPORT,7013.99.50.10,2026-02-13T21:07:18.228243+00:00,7013.99.50.10,6,Crystalline or non-lead crystal,"[""No.""]",,,,
IMPORT,7013.99.50.90,2026-02-13T21:07:18.228243+00:00,7013.99.50.90,6,Other,"[""No.""]",,,,
IMPORT,,2026-02-13T21:07:18.228243+00:00,,5,Valued over $3 each:,,,,,
IMPORT,,2026-02-13T21:07:18.228243+00:00,,6,Cut or engraved:,,,,,
IMPORT,7013.99.60.00,2026-02-13T21:07:18.228243+00:00,7013.99.60.00,7,Valued over $3 but not over $5 each,"[""No.""]",15%,"Free (A+,AU,BH,CL,CO,D,E,IL,JO,KR,MA,OM,P,PA,PE,S,SG)",60%,
IMPORT,7013.99.70.00,2026-02-13T21:07:18.228243+00:00,7013.99.70.00,7,Valued over $5 each,"[""No.""]",7.2%,"Free (A+,AU,BH,CL,CO,D,E,IL, JO,KR,MA, OM,P,PA,PE,S,SG)",60%,
IMPORT,,2026-02-13T21:07:18.228243+00:00,,6,Other:,,,,,
IMPORT,7013.99.80,2026-02-13T21:07:18.228243+00:00,7013.99.80,7,Valued over $3 but not over $5 each,,11.3%,"Free (A+,AU,BH,CL,CO,D,E,IL,JO,KR,MA,OM,P,PA,PE,S,SG)",60%,
IMPORT,7013.99.80.10,2026-02-13T21:07:18.228243+00:00,7013.99.80.10,8,Crystalline or non-lead crystal,"[""No.""]",,,,
IMPORT,7013.99.80.90,2026-02-13T21:07:18.228243+00:00,7013.99.80.90,8,Other,"[""No.""]",,,,
IMPORT,7013.99.90,2026-02-13T21:07:18.228243+00:00,7013.99.90,7,Valued over $5 each,,7.2%,"Free (A+,AU,BH,CL,CO,D,E,IL, JO,KR,MA, OM,P,PA,PE,S,SG)",60%,
IMPORT,7013.99.90.10,2026-02-13T21:07:18.228243+00:00,7013.99.90.10,8,Crystalline or non-lead crystal,"[""No.""]",,,,
IMPORT,7013.99.90.90,2026-02-13T21:07:18.228243+00:00,7013.99.90.90,8,Other,"[""No.""]",,,,
IMPORT,7014.00,2026-02-13T21:07:18.228243+00:00,7014.00,0,"Signaling glassware and optical elements of glass (other than those of heading 7015), not optically worked:",,,,,
IMPORT,,2026-02-13T21:07:18.228243+00:00,,1,Optical elements:,,,,,
IMPORT,7014.00.10.00,2026-02-13T21:07:18.228243+00:00,7014.00.10.00,2,Lens blanks (other than for spectacles),"[""No.""]",4.1%,"Free (A,AU,BH,CL,CO,D,E,IL,JO,KR,MA,OM,P,PA,PE,S,SG)",40%,
IMPORT,7014.00.20.00,2026-02-13T21:07:18.228243+00:00,7014.00.20.00,2,Other,"[""No.""]",5%,"Free (A,AU,B,BH,CL,CO,D,E,IL,JO,KR,MA,OM,P,PA,PE,S,SG)",50%,
IMPORT,,2026-02-13T21:07:18.228243+00:00,,1,Other:,,,,,
IMPORT,7014.00.30.00,2026-02-13T21:07:18.228243+00:00,7014.00.30.00,2,"Lenses and filters, and parts thereof","[""No.""]",3.4%,"Free (A,AU,B,BH,CL,CO,D,E,IL,JO,KR,MA,OM,P,PA,PE,S,SG)",60%,
IMPORT,7014.00.50.00,2026-02-13T21:07:18.228243+00:00,7014.00.50.00,2,Other,"[""No.""]",3.3%,"Free (A,AU,B,BH,CL,CO,D,E,IL,JO,KR,MA,OM,P,PA,PE,S,SG)",60%,
IMPORT,7015,2026-02-13T21:07:18.228243+00:00,7015,0,"Clock or watch glasses and similar glasses, glasses for noncorrective or corrective spectacles, curved, bent, hollowed or the like, not optically worked; hollow glass spheres and their segments, for the manufacture of such glasses:",,,,,
IMPORT,7015.10.00.00,2026-02-13T21:07:18.228243+00:00,7015.10.00.00,1,Glasses for corrective spectacles,"[""No.""]",Free,,40%,
IMPORT,7015.90,2026-02-13T21:07:18.228243+00:00,7015.90,1,Other:,,,,,
IMPORT,,2026-02-13T21:07:18.228243+00:00,,2,Watch glasses:,,,,,
IMPORT,7015.90.10.00,2026-02-13T21:07:18.228243+00:00,7015.90.10.00,3,Round,"[""No.""]",Free,,60%,
IMPORT,7015.90.20.00,2026-02-13T21:07:18.228243+00:00,7015.90.20.00,3,Other,"[""No.""]",Free,,60%,
IMPORT,7015.90.50.00,2026-02-13T21:07:18.228243+00:00,7015.90.50.00,2,Other,"[""No.""]",Free,,60%,
IMPORT,7016,2026-02-13T21:07:18.228243+00:00,7016,0,"Paving blocks, slabs, bricks, squares, tiles and other articles of pressed or molded glass, whether or not wired, of a kind used for building or construction purposes; glass cubes and other glass smallwares, whether or not on a backing, for mosaics or similar decorative purposes; leaded glass windows and the like; multicellular or foam glass in blocks, panels, plates, shells or similar forms:",,,,,
IMPORT,7016.10.00.00,2026-02-13T21:07:18.228243+00:00,7016.10.00.00,1,"Glass cubes and other glass smallwares, whether or not on a backing, for mosaics or similar decorative purposes","[""No.""]",2.7%,"Free (A*,AU,BH,CL,CO,D,E,IL,JO,KR,MA,OM,P,PA,PE,S,SG)",60%,
IMPORT,7016.90,2026-02-13T21:07:18.228243+00:00,7016.90,1,Other:,,,,,
IMPORT,7016.90.10,2026-02-13T21:07:18.228243+00:00,7016.90.10,2,"Paving blocks, slabs, bricks, squares, tiles and other articles of pressed or molded glass",,8%,"Free (A,AU,BH,CL,CO,D,E,IL,JO,KR,MA,OM,P,PA,PE,S,SG)",60%,
IMPORT,7016.90.10.10,2026-02-13T21:07:18.228243+00:00,7016.90.10.10,3,Bricks and blocks,"[""No.""]",,,,
IMPORT,7016.90.10.50,2026-02-13T21:07:18.228243+00:00,7016.90.10.50,3,Other,"[""No.""]",,,,
IMPORT,7016.90.50.00,2026-02-13T21:07:18.228243+00:00,7016.90.50.00,2,Other,"[""No.""]",5%,"Free (A,AU,BH,CL,CO,D,E,IL,JO,KR,MA,OM,P,PA,PE,S,SG)",60%,
IMPORT,7017,2026-02-13T21:07:18.228243+00:00,7017,0,"Laboratory, hygienic or pharmaceutical glassware, whether or not graduated or calibrated:",,,,,
IMPORT,7017.10,2026-02-13T21:07:18.228243+00:00,7017.10,1,Of fused quartz or other fused silica:,,,,,
IMPORT,7017.10.30.00,2026-02-13T21:07:18.228243+00:00,7017.10.30.00,2,Quartz reactor tubes and holders designed for insertion into diffusion and oxidation furnaces for production of semiconductor wafers,"[""kg""]",Free,,50%,
IMPORT,7017.10.60.00,2026-02-13T21:07:18.228243+00:00,7017.10.60.00,2,Other,"[""kg""]",4.6%,"Free (A,AU,BH,CL,CO,D,E,IL,JO,KR,MA,OM,P,PA,PE,S,SG)",50%,
IMPORT,7017.20.00.00,2026-02-13T21:07:18.228243+00:00,7017.20.00.00,1,Of other glass having a linear coefficient of expansion not exceeding 5 x 10<sup>-6</sup> per Kelvin within a temperature range of 0°C to 300°C,"[""kg""]",6.7%,"Free (A,AU,BH,CL,CO,D,E,IL,JO,KR,MA,OM,P,PA,PE,S,SG)",85%,
IMPORT,7017.90,2026-02-13T21:07:18.228243+00:00,7017.90,1,Other:,,,,,
IMPORT,7017.90.10.00,2026-02-13T21:07:18.228243+00:00,7017.90.10.00,2,Microscope slides and micro cover glasses,"[""kg""]",Free,,85%,
IMPORT,7017.90.50.00,2026-02-13T21:07:18.228243+00:00,7017.90.50.00,2,Other,"[""kg""]",6.7%,"Free (A,AU,BH,CL,CO,D,E,IL,JO,KR,MA,OM,P,PA,PE,S,SG)",85%,
IMPORT,7018,2026-02-13T21:07:18.228243+00:00,7018,0,"Glass beads, imitation pearls, imitation precious or semiprecious stones and similar glass smallwares and articles thereof other than imitation jewelry; glass eyes other than prosthetic articles; statuettes and other ornaments of lamp-worked glass, other than imitation jewelry; glass microspheres not exceeding 1 mm in diameter:",,,,,
IMPORT,7018.10,2026-02-13T21:07:18.228243+00:00,7018.10,1,"Glass beads, imitation pearls, imitation precious or semiprecious stones and similar glass smallwares:",,,,,
IMPORT,7018.10.10.00,2026-02-13T21:07:18.228243+00:00,7018.10.10.00,2,"Imitation pearls and imitation pearl beads of all shapes and colors, drilled or not drilled, but not strung (except temporarily) and not set","[""kg""]",4%,"Free (A,AU,BH,CL,CO,D,E,IL,JO,KR,MA,OM,P,PA,PE,S,SG)",60%,
IMPORT,7018.10.20.00,2026-02-13T21:07:18.228243+00:00,7018.10.20.00,2,Imitation precious or semiprecious stones (except imitation beads thereof),"[""kg""]",Free,,20%,
IMPORT,7018.10.50.00,2026-02-13T21:07:18.228243+00:00,7018.10.50.00,2,Other,"[""kg""]",Free,,40%,
IMPORT,7018.20.00.00,2026-02-13T21:07:18.228243+00:00,7018.20.00.00,1,Glass microspheres not exceeding 1 mm in diameter,"[""kg""]",5%,"Free (A+,AU,BH,CL,CO,D,E,IL, JO,KR,MA, OM,P,PA,PE,S,SG)",60%,
IMPORT,7018.90,2026-02-13T21:07:18.228243+00:00,7018.90,1,Other:,,,,,
IMPORT,7018.90.10.00,2026-02-13T21:07:18.228243+00:00,7018.90.10.00,2,"Glass eyes, except prosthetic articles","[""kg""]",3.2%,"Free (A,AU,BH,CL,CO,D,E,IL,JO,KR,MA,OM,P,PA,PE,S,SG)",70%,
IMPORT,7018.90.50.00,2026-02-13T21:07:18.228243+00:00,7018.90.50.00,2,Other,"[""kg""]",6.6%,"Free (A,AU,BH,CL,CO,D,E,IL,JO,KR,MA,OM,P,PA,PE,S,SG)",60%,
IMPORT,7019,2026-02-13T21:07:18.228243+00:00,7019,0,"Glass fibers (including glass wool) and articles thereof (for example, yarn, rovings, woven fabrics):",,,,,
IMPORT,,2026-02-13T21:07:18.228243+00:00,,1,"Slivers, rovings, yarn and chopped strands and mats thereof:",,,,,
IMPORT,7019.11.00.00,2026-02-13T21:07:18.228243+00:00,7019.11.00.00,2,"Chopped strands, of a length of not more than <il>50 mm</il>","[""kg""]",4.9%,"Free (A,AU,BH,CL,CO,D,E,IL,JO,KR,MA,OM,P,PA,PE,S,SG)",50%,
IMPORT,7019.12.00,2026-02-13T21:07:18.228243+00:00,7019.12.00,2,Rovings,,4.8%,"Free (A,AU,BH,CL,CO,D,E,IL,JO,KR,MA,OM,P,PA,PE,S,SG)",50%,
IMPORT,7019.12.00.40,2026-02-13T21:07:18.228243+00:00,7019.12.00.40,3,Of a kind used in industry as packing or lubricating materials,"[""kg""]",,,,
IMPORT,7019.12.00.80,2026-02-13T21:07:18.228243+00:00,7019.12.00.80,3,Other,"[""kg""]",,,,
IMPORT,7019.13,2026-02-13T21:07:18.228243+00:00,7019.13,2,"Other yarn, slivers:",,,,,
IMPORT,,2026-02-13T21:07:18.228243+00:00,,3,Yarns:,,,,,
IMPORT,,2026-02-13T21:07:18.228243+00:00,,4,Not colored:,,,,,
IMPORT,7019.13.05.00,2026-02-13T21:07:18.228243+00:00,7019.13.05.00,5,"Fiberglass rubber reinforcing yarn, made from electrically nonconductive continuous fiberglass filaments <il>9 microns</il> in diameter to 11 microns in diameter and impregnated with resorcinol formaldehyde latex treatment for adhesion to polymeric compounds","[""kg""]",Free,,50%,
IMPORT,7019.13.15,2026-02-13T21:07:18.228243+00:00,7019.13.15,5,Other,,6.5%,"Free (AU,BH, CL,CO,IL,JO,KR, MA,OM, P,PA,PE,S,SG)",50%,
IMPORT,7019.13.15.40,2026-02-13T21:07:18.228243+00:00,7019.13.15.40,6,Of a kind used in industry as packing or lubricating materials (201),"[""kg""]",,,,
IMPORT,7019.13.15.80,2026-02-13T21:07:18.228243+00:00,7019.13.15.80,6,Other (201),"[""kg""]",,,,
IMPORT,,2026-02-13T21:07:18.228243+00:00,,4,Colored:,,,,,
IMPORT,7019.13.24.00,2026-02-13T21:07:18.228243+00:00,7019.13.24.00,5,"Fiberglass rubber reinforcing yarn, made from electrically nonconductive continuous fiberglass filaments <il>9 microns</il> in diameter to 11 microns in diameter and impregnated with resorcinol formaldehyde latex treatment for adhesion to polymeric compounds","[""kg""]",Free,,60%,
IMPORT,7019.13.28.00,2026-02-13T21:07:18.228243+00:00,7019.13.28.00,5,Other (201),"[""kg""]",7%,"Free (AU,BH, CL,CO,IL,JO,KR, MA,OM,P,PA, PE,S,SG)",60%,
IMPORT,7019.13.35.00,2026-02-13T21:07:18.228243+00:00,7019.13.35.00,3,Other,"[""kg""]",4.2%,"Free (A+,AU,BH,CL,CO,D,E*, IL,JO,KR,MA,OM,P,PA,PE,S, SG)",50%,
IMPORT,7019.14.00.00,2026-02-13T21:07:18.228243+00:00,7019.14.00.00,2,Mechanically bonded mats,"[""kg""]",4.3%,"Free (A,AU,B,BH,CL,CO,D,E,IL,JO,KR,MA,OM,P,PA,PE,S,SG)",50%,
IMPORT,7019.15.00.00,2026-02-13T21:07:18.228243+00:00,7019.15.00.00,2,Chemically bonded mats,"[""kg""]",4.3%,"Free (A,AU,B,BH,CL,CO,D,E,IL,JO,KR,MA,OM,P,PA,PE,S,SG)",50%,
IMPORT,7019.19,2026-02-13T21:07:18.228243+00:00,7019.19,2,Other:,,,,,
IMPORT,7019.19.30.00,2026-02-13T21:07:18.228243+00:00,7019.19.30.00,3,"Chopped strands, of a length more than <il>50 mm</il>","[""kg""]",4.9%,"Free (A,AU,BH,CL,CO,D,E,IL,JO,KR,MA,OM,P,PA,PE,S,SG)",50%,
IMPORT,7019.19.70.00,2026-02-13T21:07:18.228243+00:00,7019.19.70.00,3,"Fiberglass rubber reinforcing cord, made from electrically nonconductive continuous fiberglass filaments <il>9 microns</il> in diameter to 11 microns in diameter and impregnated with resorcinol formaldehyde latex treatment for adhesion to polymeric compounds","[""kg""]",Free,,50%,
IMPORT,7019.19.91.00,2026-02-13T21:07:18.228243+00:00,7019.19.91.00,3,Other,"[""kg""]",4.2%,"Free (A+,AU,BH,CL,CO,D,E*, IL,JO,KR,MA,OM,P,PA,PE,S, SG)",50%,
IMPORT,,2026-02-13T21:07:18.228243+00:00,,1,Mechanically bonded fabrics:,,,,,
IMPORT,7019.61,2026-02-13T21:07:18.228243+00:00,7019.61,2,Closed woven fabrics of rovings:,,,,,
IMPORT,,2026-02-13T21:07:18.228243+00:00,,3,Of a width not exceeding 30 cm:,,,,,
IMPORT,7019.61.05.00,2026-02-13T21:07:18.228243+00:00,7019.61.05.00,4,Fiberglass tire cord fabric woven from electrically nonconductive continuous fiberglass filaments <il>9 microns</il> in diameter to 11 microns in diameter and impregnated with resorcinol formaldehyde latex treatment for adhesion to polymeric compounds (622),"[""m<sup>2<\/sup>"",""kg""]",Free,,50%,
IMPORT,7019.61.10.00,2026-02-13T21:07:18.228243+00:00,7019.61.10.00,4,Other (622),"[""m<sup>2<\/sup>"",""kg""]",6%,"Free (AU,BH, CL,CO,IL,JO,KR, MA,OM, P,PA,PE,S,SG)",50%,
IMPORT,,2026-02-13T21:07:18.228243+00:00,,3,Other:,,,,,
IMPORT,,2026-02-13T21:07:18.228243+00:00,,4,Not colored:,,,,,
IMPORT,7019.61.30.00,2026-02-13T21:07:18.228243+00:00,7019.61.30.00,5,Fiberglass tire cord fabric woven from electrically nonconductive continuous fiberglass filaments <il>9 microns</il> in diameter to 11 microns in diameter and impregnated with resorcinol formaldehyde latex treatment for adhesion to polymeric compounds (622),"[""m<sup>2<\/sup>"",""kg""]",Free,,50%,
IMPORT,7019.61.40,2026-02-13T21:07:18.228243+00:00,7019.61.40,5,Other,,7.3%,"Free (AU,BH, CL,CO,IL,JO,KR, MA,OM, P,PA,PE,S,SG)",50%,
IMPORT,7019.61.40.30,2026-02-13T21:07:18.228243+00:00,7019.61.40.30,6,Silica filament fabric of filaments with silica content greater than 93 percent (622),"[""m<sup>2<\/sup>"",""kg""]",,,,
IMPORT,7019.61.40.60,2026-02-13T21:07:18.228243+00:00,7019.61.40.60,6,Other (622),"[""m<sup>2<\/sup>"",""kg""]",,,,
IMPORT,,2026-02-13T21:07:18.228243+00:00,,4,Colored:,,,,,
IMPORT,7019.61.70.00,2026-02-13T21:07:18.228243+00:00,7019.61.70.00,5,Fiberglass tire cord fabric woven from electrically nonconductive continuous fiberglass filaments <il>9 microns</il> in diameter to 11 microns in diameter and impregnated with resorcinol formaldehyde latex treatment for adhesion to polymeric compounds (622),"[""m<sup>2<\/sup>"",""kg""]",Free,,60%,
IMPORT,7019.61.90,2026-02-13T21:07:18.228243+00:00,7019.61.90,5,Other,,7%,"Free (AU,BH,CL,CO,IL,JO,KR, MA,OM, P,PA,PE,S,SG)",60%,
IMPORT,7019.61.90.30,2026-02-13T21:07:18.228243+00:00,7019.61.90.30,6,Silica filament fabric of filaments with silica content greater than 93 percent (622),"[""m<sup>2<\/sup>"",""kg""]",,,,
IMPORT,7019.61.90.60,2026-02-13T21:07:18.228243+00:00,7019.61.90.60,6,Other (622),"[""m<sup>2<\/sup>"",""kg""]",,,,
IMPORT,7019.62,2026-02-13T21:07:18.228243+00:00,7019.62,2,Other closed fabrics of rovings:,,,,,
IMPORT,,2026-02-13T21:07:18.228243+00:00,,3,Of a width not exceeding 30 cm:,,,,,
IMPORT,7019.62.05.00,2026-02-13T21:07:18.228243+00:00,7019.62.05.00,4,Fiberglass tire cord fabric woven from electrically nonconductive continuous fiberglass filaments <il>9 microns</il> in diameter to 11 microns in diameter and impregnated with resorcinol formaldehyde latex treatment for adhesion to polymeric compounds (622),"[""m<sup>2<\/sup>"",""kg""]",Free,,50%,
IMPORT,7019.62.15.00,2026-02-13T21:07:18.228243+00:00,7019.62.15.00,4,Other (622),"[""m<sup>2<\/sup>"",""kg""]",6%,"Free (AU,BH, CL,CO,IL,JO,KR, MA,OM, P,PA,PE,S,SG)",50%,
IMPORT,,2026-02-13T21:07:18.228243+00:00,,3,Other:,,,,,
IMPORT,,2026-02-13T21:07:18.228243+00:00,,4,Not colored:,,,,,
IMPORT,7019.62.30.00,2026-02-13T21:07:18.228243+00:00,7019.62.30.00,5,Fiberglass tire cord fabric woven from electrically nonconductive continuous fiberglass filaments <il>9 microns</il> in diameter to 11 microns in diameter and impregnated with resorcinol formaldehyde latex treatment for adhesion to polymeric compounds (622),"[""m<sup>2<\/sup>"",""kg""]",Free,,50%,
IMPORT,7019.62.40,2026-02-13T21:07:18.228243+00:00,7019.62.40,5,Other,,7.3%,"Free (AU,BH, CL,CO,IL,JO,KR, MA,OM, P,PA,PE,S,SG)",50%,
IMPORT,7019.62.40.30,2026-02-13T21:07:18.228243+00:00,7019.62.40.30,6,Silica filament fabric of filaments with silica content greater than 93 percent (622),"[""m<sup>2<\/sup>"",""kg""]",,,,
IMPORT,7019.62.40.60,2026-02-13T21:07:18.228243+00:00,7019.62.40.60,6,Other (622),"[""m<sup>2<\/sup>"",""kg""]",,,,
IMPORT,,2026-02-13T21:07:18.228243+00:00,,4,Colored:,,,,,
IMPORT,7019.62.70.00,2026-02-13T21:07:18.228243+00:00,7019.62.70.00,5,Fiberglass tire cord fabric woven from electrically nonconductive continuous fiberglass filaments <il>9 microns</il> in diameter to 11 microns in diameter and impregnated with resorcinol formaldehyde latex treatment for adhesion to polymeric compounds (622),"[""m<sup>2<\/sup>"",""kg""]",Free,,60%,
IMPORT,7019.62.90,2026-02-13T21:07:18.228243+00:00,7019.62.90,5,Other,,7%,"Free (AU,BH, CL,CO,IL,JO,KR, MA,OM, P,PA,PE,S,SG)",60%,
IMPORT,7019.62.90.30,2026-02-13T21:07:18.228243+00:00,7019.62.90.30,6,Silica filament fabric of filaments with silica content greater than 93 percent (622),"[""m<sup>2<\/sup>"",""kg""]",,,,
IMPORT,7019.62.90.60,2026-02-13T21:07:18.228243+00:00,7019.62.90.60,6,Other (622),"[""m<sup>2<\/sup>"",""kg""]",,,,
IMPORT,7019.63,2026-02-13T21:07:18.228243+00:00,7019.63,2,"Closed woven fabrics, plain weave, of yarns, not coated or laminated:",,,,,
IMPORT,,2026-02-13T21:07:18.228243+00:00,,3,Of a width not exceeding 30 cm:,,,,,
IMPORT,7019.63.05.00,2026-02-13T21:07:18.228243+00:00,7019.63.05.00,4,Fiberglass tire cord woven from electrically nonconductive continuous fiberglass filaments <il>9 microns</il> in diameter to 11 microns in diameter and impregnated with resorcinol formaldehyde latex treatment for adhesion to polymeric compounds (622),"[""m<sup>2<\/sup>"",""kg""]",Free,,50%,
IMPORT,7019.63.15,2026-02-13T21:07:18.228243+00:00,7019.63.15,4,Other,,6%,"Free (AU,BH, CL,CO,IL,JO,KR, MA,OM,P,PA, PE,S,SG)",50%,
IMPORT,7019.63.15.10,2026-02-13T21:07:18.228243+00:00,7019.63.15.10,5,Weighing 185 grams or less per square meter (622),"[""m<sup>2<\/sup>"",""kg""]",,,,
IMPORT,7019.63.15.90,2026-02-13T21:07:18.228243+00:00,7019.63.15.90,5,Other (622),"[""m<sup>2<\/sup>"",""kg""]",,,,
IMPORT,,2026-02-13T21:07:18.228243+00:00,,3,Other:,,,,,
IMPORT,,2026-02-13T21:07:18.228243+00:00,,4,Not colored:,,,,,
IMPORT,7019.63.30.00,2026-02-13T21:07:18.228243+00:00,7019.63.30.00,5,Fiberglass tire cord fabric woven from electrically nonconductive continuous fiberglass filaments <il>9 microns</il> in diameter to 11 microns in diameter and impregnated with resorcinol formaldehyde latex treatment for adhesion to polymeric compounds (622),"[""m<sup>2<\/sup>"",""kg""]",Free,,50%,
IMPORT,7019.63.40,2026-02-13T21:07:18.228243+00:00,7019.63.40,5,Other,,7.3%,"Free (AU,BH, CL,CO,IL,JO,KR, MA,OM, P,PA,PE,S,SG)",50%,
IMPORT,7019.63.40.30,2026-02-13T21:07:18.228243+00:00,7019.63.40.30,6,Silica filament fabric of filaments with silica content greater than 93 percent (622),"[""m<sup>2<\/sup>"",""kg""]",,,,
IMPORT,7019.63.40.60,2026-02-13T21:07:18.228243+00:00,7019.63.40.60,6,Other (622),"[""m<sup>2<\/sup>"",""kg""]",,,,
IMPORT,,2026-02-13T21:07:18.228243+00:00,,4,Colored:,,,,,
IMPORT,7019.63.70.00,2026-02-13T21:07:18.228243+00:00,7019.63.70.00,5,Fiberglass tire cord fabric woven from electrically nonconductive continuous fiberglass filaments <il>9 microns</il> in diameter to 11 microns in diameter and impregnated with resorcinol formaldehyde latex treatment for adhesion to polymeric compounds (622),"[""m<sup>2<\/sup>"",""kg""]",Free,,60%,
IMPORT,7019.63.90,2026-02-13T21:07:18.228243+00:00,7019.63.90,5,Other,,7%,"Free (AU,BH, CL,CO,IL,JO,KR, MA,OM,P,PA, PE,S,SG)",60%,
IMPORT,7019.63.90.30,2026-02-13T21:07:18.228243+00:00,7019.63.90.30,6,Silica filament fabric of filaments with silica content greater than 93 percent (622),"[""m<sup>2<\/sup>"",""kg""]",,,,
IMPORT,7019.63.90.60,2026-02-13T21:07:18.228243+00:00,7019.63.90.60,6,Other,"[""m<sup>2<\/sup>"",""kg""]",,,,
IMPORT,7019.64,2026-02-13T21:07:18.228243+00:00,7019.64,2,"Closed woven fabrics, plain weave, of yarns, coated or laminated:",,,,,
IMPORT,,2026-02-13T21:07:18.228243+00:00,,3,Of a width not exceeding 30 cm:,,,,,
IMPORT,7019.64.05.00,2026-02-13T21:07:18.228243+00:00,7019.64.05.00,4,Fiberglass tire cord woven from electrically nonconductive continuous fiberglass filaments <il>9 microns</il> in diameter to 11 microns in diameter and impregnated with resorcinol formaldehyde latex treatment for adhesion to polymeric compounds (622),"[""m<sup>2<\/sup>"",""kg""]",Free,,50%,
IMPORT,7019.64.15,2026-02-13T21:07:18.228243+00:00,7019.64.15,4,Other,,6%,"Free (AU,BH, CL,CO,IL,JO,KR, MA,OM,P,PA, PE,S,SG)",50%,
IMPORT,7019.64.15.10,2026-02-13T21:07:18.228243+00:00,7019.64.15.10,5,Weighing 185 grams or less per square meter (622),"[""m<sup>2<\/sup>"",""kg""]",,,,
IMPORT,7019.64.15.90,2026-02-13T21:07:18.228243+00:00,7019.64.15.90,5,Other (622),"[""m<sup>2<\/sup>"",""kg""]",,,,
IMPORT,,2026-02-13T21:07:18.228243+00:00,,3,Other:,,,,,
IMPORT,,2026-02-13T21:07:18.228243+00:00,,4,Not colored:,,,,,
IMPORT,7019.64.30.00,2026-02-13T21:07:18.228243+00:00,7019.64.30.00,5,Fiberglass tire cord fabric woven from electrically nonconductive continuous fiberglass filaments <il>9 microns</il> in diameter to 11 microns in diameter and impregnated with resorcinol formaldehyde latex treatment for adhesion to polymeric compounds (622),"[""m<sup>2<\/sup>"",""kg""]",Free,,50%,
IMPORT,7019.64.40,2026-02-13T21:07:18.228243+00:00,7019.64.40,5,Other,,7.3%,"Free (AU,BH, CL,CO,IL,JO,KR, MA,OM, P,PA,PE,S,SG)",50%,
IMPORT,7019.64.40.30,2026-02-13T21:07:18.228243+00:00,7019.64.40.30,6,Silica filament fabric of filaments with silica content greater than 93 percent (622),"[""m<sup>2<\/sup>"",""kg""]",,,,
IMPORT,7019.64.40.60,2026-02-13T21:07:18.228243+00:00,7019.64.40.60,6,Other (622),"[""m<sup>2<\/sup>"",""kg""]",,,,
IMPORT,,2026-02-13T21:07:18.228243+00:00,,4,Colored:,,,,,
IMPORT,7019.64.70.00,2026-02-13T21:07:18.228243+00:00,7019.64.70.00,5,Fiberglass tire cord fabric woven from electrically nonconductive continuous fiberglass filaments <il>9 microns</il> in diameter to 11 microns in diameter and impregnated with resorcinol formaldehyde latex treatment for adhesion to polymeric compounds (622),"[""m<sup>2<\/sup>"",""kg""]",Free,,60%,
IMPORT,7019.64.90,2026-02-13T21:07:18.228243+00:00,7019.64.90,5,Other,,7%,"Free (AU,BH, CL,CO,IL,JO,KR, MA,OM, P,PA,PE,S,SG)",60%,
IMPORT,7019.64.90.30,2026-02-13T21:07:18.228243+00:00,7019.64.90.30,6,Silica filament fabric of filaments with silica content greater than 93 percent (622),"[""m<sup>2<\/sup>"",""kg""]",,,,
IMPORT,7019.64.90.60,2026-02-13T21:07:18.228243+00:00,7019.64.90.60,6,Other (622),"[""m<sup>2<\/sup>"",""kg""]",,,,
IMPORT,7019.65,2026-02-13T21:07:18.228243+00:00,7019.65,2,Open woven fabrics of a width not exceeding 30 cm:,,,,,
IMPORT,7019.65.51.00,2026-02-13T21:07:18.228243+00:00,7019.65.51.00,3,Fiberglass tire cord woven from electrically nonconductive continuous fiberglass filaments <il>9 microns</il> in diameter to 11 microns in diameter and impregnated with resorcinol formaldehyde latex treatment for adhesion to polymeric compounds (622),"[""m<sup>2<\/sup>"",""kg""]",Free,,50%,
IMPORT,7019.65.90,2026-02-13T21:07:18.228243+00:00,7019.65.90,3,Other,,6%,"Free (AU,BH, CL,CO,IL,JO,KR, MA,OM,P,PA, PE,S,SG)",50%,
IMPORT,7019.65.90.10,2026-02-13T21:07:18.228243+00:00,7019.65.90.10,4,Weighing 185 grams or less per square meter (622),"[""m<sup>2<\/sup>"",""kg""]",,,,
IMPORT,7019.65.90.90,2026-02-13T21:07:18.228243+00:00,7019.65.90.90,4,Other (622),"[""m<sup>2<\/sup>"",""kg""]",,,,
IMPORT,,2026-02-13T21:07:18.228243+00:00,,2,Open woven fabrics of a width exceeding 30 cm:,,,,,
IMPORT,7019.66,2026-02-13T21:07:18.228243+00:00,7019.66,3,"Plain weave, weighing less than 250 g/m<sup>2</sup>, of filaments measuring per single yarn not more than 136 tex:",,,,,
IMPORT,,2026-02-13T21:07:18.228243+00:00,,4,Not colored:,,,,,
IMPORT,7019.66.30.00,2026-02-13T21:07:18.228243+00:00,7019.66.30.00,5,Fiberglass tire cord fabric woven from electrically nonconductive continuous fiberglass filaments <il>9 microns</il> in diameter to 11 microns in diameter and impregnated with resorcinol formaldehyde latex treatment for adhesion to polymeric compounds (622),"[""m<sup>2<\/sup>"",""kg""]",Free,,50%,
IMPORT,7019.66.40,2026-02-13T21:07:18.228243+00:00,7019.66.40,5,Other,,7.3%,"Free (AU,BH, CL,CO,IL,JO,KR, MA,OM, P,PA,PE,S,SG)",50%,
IMPORT,7019.66.40.10,2026-02-13T21:07:18.228243+00:00,7019.66.40.10,6,Weighing 185 grams or less per square meter (622),"[""m<sup>2<\/sup>"",""kg""]",,,,
IMPORT,7019.66.40.21,2026-02-13T21:07:18.228243+00:00,7019.66.40.21,6,"Weighing more than 215 grams per square meter, with a filament diameter of 7 to <il>13 microns</il> (622)","[""m<sup>2<\/sup>"",""kg""]",,,,
IMPORT,7019.66.40.96,2026-02-13T21:07:18.228243+00:00,7019.66.40.96,6,Other (622),"[""m<sup>2<\/sup>"",""kg""]",,,,
IMPORT,,2026-02-13T21:07:18.228243+00:00,,4,Colored:,,,,,
IMPORT,7019.66.70.00,2026-02-13T21:07:18.228243+00:00,7019.66.70.00,5,Fiberglass tire cord fabric woven from electrically nonconductive continuous fiberglass filaments <il>9 microns</il> in diameter to 11 microns in diameter and impregnated with resorcinol formaldehyde latex treatment for adhesion to polymeric compounds (622),"[""m<sup>2<\/sup>"",""kg""]",Free,,60%,
IMPORT,7019.66.90,2026-02-13T21:07:18.228243+00:00,7019.66.90,5,Other,,7%,"Free (AU,BH, CL,CO,IL,JO,KR, MA,OM,P,PA, PE,S,SG)",60%,
IMPORT,7019.66.90.10,2026-02-13T21:07:18.228243+00:00,7019.66.90.10,6,Weighing 185 grams or less per square meter (622),"[""m<sup>2<\/sup>"",""kg""]",,,,
IMPORT,7019.66.90.21,2026-02-13T21:07:18.228243+00:00,7019.66.90.21,6,"Weighing more than 215 grams per square meter, with a filament diameter of 7 to <il>13 microns</il> (622)","[""m<sup>2<\/sup>"",""kg""]",,,,
IMPORT,7019.66.90.60,2026-02-13T21:07:18.228243+00:00,7019.66.90.60,6,Other (622),"[""m<sup>2<\/sup>"",""kg""]",,,,
IMPORT,7019.69,2026-02-13T21:07:18.228243+00:00,7019.69,2,Other:,,,,,
IMPORT,,2026-02-13T21:07:18.228243+00:00,,3,Not colored:,,,,,
IMPORT,7019.69.30.00,2026-02-13T21:07:18.228243+00:00,7019.69.30.00,4,Fiberglass tire cord fabric woven from electrically nonconductive continuous fiberglass filaments <il>9 microns</il> in diameter to 11 microns in diameter and impregnated with resorcinol formaldehyde latex treatment for adhesion to polymeric compounds (622),"[""m<sup>2<\/sup>"",""kg""]",Free,,50%,
IMPORT,7019.69.40,2026-02-13T21:07:18.228243+00:00,7019.69.40,4,Other,,7.3%,"Free (AU,BH, CL,CO,IL,JO,KR, MA,OM, P,PA,PE,S,SG)",50%,
IMPORT,7019.69.40.10,2026-02-13T21:07:18.228243+00:00,7019.69.40.10,5,Weighing 185 grams or less per square meter (622),"[""m<sup>2<\/sup>"",""kg""]",,,,
IMPORT,7019.69.40.21,2026-02-13T21:07:18.228243+00:00,7019.69.40.21,5,"Weighing more than 215 grams per square meter, with a filament diameter of 7 to <il>13 microns</il> (622)","[""m<sup>2<\/sup>"",""kg""]",,,,
IMPORT,7019.69.40.96,2026-02-13T21:07:18.228243+00:00,7019.69.40.96,5,Other (622),"[""m<sup>2<\/sup>"",""kg""]",,,,
IMPORT,,2026-02-13T21:07:18.228243+00:00,,3,Colored:,,,,,
IMPORT,7019.69.70.00,2026-02-13T21:07:18.228243+00:00,7019.69.70.00,4,Fiberglass tire cord fabric woven from electrically nonconductive continuous fiberglass filaments <il>9 microns</il> in diameter to 11 microns in diameter and impregnated with resorcinol formaldehyde latex treatment for adhesion to polymeric compounds (622),"[""m<sup>2<\/sup>"",""kg""]",Free,,60%,
IMPORT,7019.69.90,2026-02-13T21:07:18.228243+00:00,7019.69.90,4,Other,,7%,"Free (AU,BH, CL,CO,IL,JO,KR, MA,OM,P,PA, PE,S,SG)",60%,
IMPORT,7019.69.90.10,2026-02-13T21:07:18.228243+00:00,7019.69.90.10,5,Weighing 185 grams or less per square meter (622),"[""m<sup>2<\/sup>"",""kg""]",,,,
IMPORT,7019.69.90.21,2026-02-13T21:07:18.228243+00:00,7019.69.90.21,5,"Weighing more than 215 grams per square meter, with a filament diameter of 7 to <il>13 microns</il> (622)","[""m<sup>2<\/sup>"",""kg""]",,,,
IMPORT,7019.69.90.60,2026-02-13T21:07:18.228243+00:00,7019.69.90.60,5,Other (622),"[""m<sup>2<\/sup>"",""kg""]",,,,
IMPORT,,2026-02-13T21:07:18.228243+00:00,,1,Chemically bonded fabrics:,,,,,
IMPORT,7019.71.00.00,2026-02-13T21:07:18.228243+00:00,7019.71.00.00,2,Veils (thin sheets),"[""kg""]",4.3%,"Free (A,AU,B,BH,CL,CO,D,E,IL,JO,KR,MA,OM,P,PA,PE,S,SG)",50%,
IMPORT,7019.72,2026-02-13T21:07:18.228243+00:00,7019.72,2,Other closed fabrics:,,,,,
IMPORT,,2026-02-13T21:07:18.228243+00:00,,3,Of a width not exceeding 30 cm:,,,,,
IMPORT,7019.72.05.00,2026-02-13T21:07:18.228243+00:00,7019.72.05.00,4,Fiberglass tire cord fabric woven from electrically nonconductive continuous fiberglass filaments <il>9 microns</il> in diameter to 11 microns in diameter and impregnated with resorcinol formaldehyde latex treatment for adhesion to polymeric compounds (622),"[""m<sup>2<\/sup>"",""kg""]",Free,,50%,
IMPORT,7019.72.15.00,2026-02-13T21:07:18.228243+00:00,7019.72.15.00,4,Other (622),"[""m<sup>2<\/sup>"",""kg""]",6%,"Free (AU,BH, CL,CO,IL,JO,KR, MA,OM, P,PA,PE,S,SG)",50%,
IMPORT,,2026-02-13T21:07:18.228243+00:00,,3,Other:,,,,,
IMPORT,,2026-02-13T21:07:18.228243+00:00,,4,Not colored:,,,,,
IMPORT,7019.72.30.00,2026-02-13T21:07:18.228243+00:00,7019.72.30.00,5,Fiberglass tire cord fabric woven from electrically nonconductive continuous fiberglass filaments <il>9 microns</il> in diameter to 11 microns in diameter and impregnated with resorcinol formaldehyde latex treatment for adhesion to polymeric compounds (622),"[""m<sup>2<\/sup>"",""kg""]",Free,,50%,
IMPORT,7019.72.40,2026-02-13T21:07:18.228243+00:00,7019.72.40,5,Other,,7.3%,"Free (AU,BH, CL,CO,IL,JO,KR, MA,OM, P,PA,PE,S,SG)",50%,
IMPORT,7019.72.40.30,2026-02-13T21:07:18.228243+00:00,7019.72.40.30,6,Silica filament fabric of filaments with silica content greater than 93 percent (622),"[""m<sup>2<\/sup>"",""kg""]",,,,
IMPORT,7019.72.40.60,2026-02-13T21:07:18.228243+00:00,7019.72.40.60,6,Other (622),"[""m<sup>2<\/sup>"",""kg""]",,,,
IMPORT,,2026-02-13T21:07:18.228243+00:00,,4,Colored:,,,,,
IMPORT,7019.72.70.00,2026-02-13T21:07:18.228243+00:00,7019.72.70.00,5,Fiberglass tire cord fabric woven from electrically nonconductive continuous fiberglass filaments <il>9 microns</il> in diameter to 11 microns in diameter and impregnated with resorcinol formaldehyde latex treatment for adhesion to polymeric compounds (622),"[""m<sup>2<\/sup>"",""kg""]",Free,,60%,
IMPORT,7019.72.90,2026-02-13T21:07:18.228243+00:00,7019.72.90,5,Other,,7%,"Free (AU,BH, CL,CO,IL,JO,KR, MA,OM, P,PA,PE,S,SG)",60%,
IMPORT,7019.72.90.30,2026-02-13T21:07:18.228243+00:00,7019.72.90.30,6,Silica filament fabric of filaments with silica content greater than 93 percent (622),"[""m<sup>2<\/sup>"",""kg""]",,,,
IMPORT,7019.72.90.60,2026-02-13T21:07:18.228243+00:00,7019.72.90.60,6,Other (622),"[""m<sup>2<\/sup>"",""kg""]",,,,
IMPORT,7019.73,2026-02-13T21:07:18.228243+00:00,7019.73,2,Other open fabrics:,,,,,
IMPORT,7019.73.51.00,2026-02-13T21:07:18.228243+00:00,7019.73.51.00,3,Fiberglass tire cord woven from electrically nonconductive continuous fiberglass filaments <il>9 microns</il> in diameter to 11 microns in diameter and impregnated with resorcinol formaldehyde latex treatment for adhesion to polymeric compounds (622),"[""m<sup>2<\/sup>"",""kg""]",Free,,50%,
IMPORT,7019.73.90,2026-02-13T21:07:18.228243+00:00,7019.73.90,3,Other,,6%,"Free (AU,BH, CL,CO,IL,JO,KR, MA,OM,P,PA, PE,S,SG)",50%,
IMPORT,7019.73.90.10,2026-02-13T21:07:18.228243+00:00,7019.73.90.10,4,Weighing 185 grams or less per square meter (622),"[""m<sup>2<\/sup>"",""kg""]",,,,
IMPORT,7019.73.90.90,2026-02-13T21:07:18.228243+00:00,7019.73.90.90,4,Other (622),"[""m<sup>2<\/sup>"",""kg""]",,,,
IMPORT,7019.80,2026-02-13T21:07:18.228243+00:00,7019.80,1,Glass wool and articles of glass wool:,,,,,
IMPORT,7019.80.10,2026-02-13T21:07:18.228243+00:00,7019.80.10,2,Insulation products,,4.9%,"Free (A,AU,B,BH,CL,CO,D,E,IL,JO,KR,MA,OM,P,PA,PE,S,SG)",50%,
IMPORT,7019.80.10.10,2026-02-13T21:07:18.228243+00:00,7019.80.10.10,3,Batts,"[""m<sup>2<\/sup>"",""kg""]",,,,
IMPORT,7019.80.10.20,2026-02-13T21:07:18.228243+00:00,7019.80.10.20,3,Pipe coverings,"[""m<sup>2<\/sup>"",""kg""]",,,,
IMPORT,7019.80.10.90,2026-02-13T21:07:18.228243+00:00,7019.80.10.90,3,Other,"[""kg""]",,,,
IMPORT,7019.80.90.00,2026-02-13T21:07:18.228243+00:00,7019.80.90.00,2,Other,"[""kg"",""m<sup>2<\/sup>""]",4.3%,"Free (A*,AU,B,BH,CL,CO,D,E,IL,JO,KR,MA,OM,P,PA,PE,S,SG)",50%,
IMPORT,7019.90,2026-02-13T21:07:18.228243+00:00,7019.90,1,Other:,,,,,
IMPORT,7019.90.11.00,2026-02-13T21:07:18.228243+00:00,7019.90.11.00,2,Woven,"[""m<sup>2<\/sup>"",""kg""]",4.8%,"Free (A+,AU,BH,CL,CO,D,E,IL,JO,KR,MA,OM,P,PA,PE,S,SG)",60%,
IMPORT,7019.90.51,2026-02-13T21:07:18.228243+00:00,7019.90.51,2,Other,,4.3%,"Free (A*,AU,B,BH,CL,CO,D,E,IL,JO,KR,MA,OM,P,PA,PE,S,SG)",50%,
IMPORT,7019.90.51.20,2026-02-13T21:07:18.228243+00:00,7019.90.51.20,3,Glass fibers in bulk,"[""kg"",""m<sup>2<\/sup>""]",,,,
IMPORT,7019.90.51.40,2026-02-13T21:07:18.228243+00:00,7019.90.51.40,3,Glass fiber filters,"[""kg"",""m<sup>2<\/sup>""]",,,,
IMPORT,7019.90.51.50,2026-02-13T21:07:18.228243+00:00,7019.90.51.50,3,Other,"[""kg"",""m<sup>2<\/sup>""]",,,,
IMPORT,7020.00,2026-02-13T21:07:18.228243+00:00,7020.00,0,Other articles of glass:,,,,,
IMPORT,7020.00.30.00,2026-02-13T21:07:18.228243+00:00,7020.00.30.00,1,Quartz reactor tubes and holders designed for insertion into diffusion and oxidation furnaces for production of semiconductor wafers,"[""No.""]",Free,,55%,
IMPORT,7020.00.40.00,2026-02-13T21:07:18.228243+00:00,7020.00.40.00,1,Glass inners for vacuum flasks or for other vacuum vessels,"[""No.""]",6.6%,"Free (A,AU,BH,CL,CO,D,E,IL,JO,KR,MA,OM,P,PA,PE,S,SG)",37.5¢ each + 45%,
IMPORT,7020.00.60.00,2026-02-13T21:07:18.228243+00:00,7020.00.60.00,1,Other,"[""No.""]",5%,"Free (A,AU,BH,CL,CO,D,E,IL,JO,KR,MA,OM,P,PA,PE,S,SG)",55%,